"source","term_name","term_id","adjusted_p_value","negative_log10_of_adjusted_p_value","term_size","query_size","intersection_size","effective_domain_size","intersections"
"GO:MF","structural molecule activity","GO:0005198","6.090787834805866e-27","26.215326528355725","925","98","39","24018","MBP,H2BC1,H2AX,H1-4,H1-2,HP1BP3,H2BC21,H1-5,H1-1,H4C1,ACTB,BSN,H2AJ,H1-0,H2BC3,H3F4,ACTBL2,TUBB3,KRT71,PLP1,KRT18,RPL23A,PCLO,NEFM,ANK2,KRT19,RPL6,KRT10,H1-3,HIST2H2AA1,RPS27A,TUBA3A,RPL28,SHANK2,RPL19,COL1A2,TUBB4A,COL4A2,KRT1"
"GO:MF","structural constituent of chromatin","GO:0030527","1.5363512377060483e-16","15.813509485372558","108","98","15","24018","H2BC1,H2AX,H1-4,H1-2,HP1BP3,H2BC21,H1-5,H1-1,H4C1,H2AJ,H1-0,H2BC3,H3F4,H1-3,HIST2H2AA1"
"GO:MF","protein-containing complex binding","GO:0044877","6.960061378742347e-10","9.157386930456742","1530","98","29","24018","H2AX,H1-4,H1-2,HP1BP3,H1-5,H1-1,H2AJ,H1-0,MAP1B,MAP1A,PLP1,RPL23A,THY1,ATP5ME,ANK2,HNRNPC,KRT19,PPIA,H1-3,SNRPD2,MAPT,HIST2H2AA1,NOLC1,VAMP2,NPM1,CFL1,DMTN,DBN1,VDAC1"
"GO:MF","protein binding","GO:0005515","8.34912295382472e-10","9.078359143237297","10224","98","76","24018","MBP,H2BC1,H2AX,H1-4,H1-2,H2BC21,H1-5,H1-1,ACTA1,H4C1,ACTB,BSN,SYN1,MAP6,HNRNPA2B1,H2AJ,MAP1B,H2BC3,H3F4,CYCS,MAP1A,TNNC2,MAP2,ACTBL2,TPPP,SYNPO,TUBB3,PLP1,BASP1,KRT18,RPL23A,THY1,PCLO,CAMK2A,ANK2,HNRNPC,KRT19,PPIA,KRT10,H1-3,MAPT,HIST2H2AA1,PSIP1,NOLC1,RPS27A,HNRNPD,SLC25A5,ALDOA,VAMP2,SFPQ,NPM1,HSPA8,BAIAP2,ATP1A2,FKBP1A,PSD3,HSPE1,SHANK2,NEGR1,CFL1,COL1A2,MATR3,DMTN,MAP4,BCAS1,GAPDH,SORBS2,DBN1,KRT1,GNG2,SRCIN1,EEF1A1,ATP5F1A,SYNGAP1,VDAC1,SLC25A4"
"GO:MF","nucleosome binding","GO:0031491","2.749535466586018e-9","8.560740673929635","94","98","10","24018","H2AX,H1-4,H1-2,HP1BP3,H1-5,H1-1,H2AJ,H1-0,H1-3,HIST2H2AA1"
"GO:MF","nucleosomal DNA binding","GO:0031492","2.8790213334843025e-9","8.540755116997504","65","98","9","24018","H2AX,H1-4,H1-2,H1-5,H1-1,H2AJ,H1-0,H1-3,HIST2H2AA1"
"GO:MF","enzyme binding","GO:0019899","6.212469320236623e-7","6.206735742980517","2169","98","30","24018","MBP,H2AX,H1-4,H1-5,ACTB,SYN1,HNRNPA2B1,CYCS,MAP2,ACTBL2,THY1,ANK2,HNRNPC,MAPT,RPS27A,HNRNPD,SLC25A5,ALDOA,SFPQ,NPM1,HSPA8,FKBP1A,CFL1,COL1A2,GAPDH,SRCIN1,ATP5F1A,SYNGAP1,VDAC1,SLC25A4"
"GO:MF","chromatin DNA binding","GO:0031490","0.0000063130762495084","5.199758965220283","152","98","9","24018","H2AX,H1-4,H1-2,H1-5,H1-1,H2AJ,H1-0,H1-3,HIST2H2AA1"
"GO:MF","binding","GO:0005488","0.000007084984948265184","5.149661068054815","16291","98","90","24018","MBP,H2BC1,H2AX,H1-4,H1-2,HP1BP3,H2BC21,H1-5,H1-1,ACTA1,H4C1,ACTB,BSN,SYN1,MAP6,HNRNPA2B1,H2AJ,H1-0,MAP1B,H2BC3,H3F4,CYCS,MAP1A,TNNC2,MAP2,ACTBL2,TPPP,SYNPO,TUBB3,CALML3,PLP1,BASP1,KRT18,RPL23A,THY1,PCLO,ATP5ME,CAMK2A,ANK2,HNRNPC,KRT19,PPIA,COX5B,RPL6,KRT10,H1-3,SNRPD2,MAPT,HIST2H2AA1,PSIP1,NOLC1,RPS27A,TUBA3A,HNRNPD,SLC25A5,ALDOA,VAMP2,SFPQ,ACO2,NPM1,HSPA8,BAIAP2,ATP1A2,FKBP1A,PSD3,HSPE1,SHANK2,NEGR1,CFL1,RPL19,COL1A2,TUBB4A,MATR3,DMTN,SLC1A2,MAP4,BCAS1,GAPDH,CENPV,SORBS2,DBN1,KRT1,GNG2,SRCIN1,EEF1A1,HNRNPA3,ATP5F1A,SYNGAP1,VDAC1,SLC25A4"
"GO:MF","protein heterodimerization activity","GO:0046982","0.000010142385981562513","4.9938598658377416","350","98","12","24018","H2BC1,H2AX,H2BC21,H4C1,H2AJ,H2BC3,H3F4,KRT10,HIST2H2AA1,NOLC1,ATP1A2,KRT1"
"GO:MF","structural constituent of synapse","GO:0098918","0.00015179622109139717","3.8187390399002332","35","98","5","24018","ACTB,BSN,ACTBL2,PCLO,SHANK2"
"GO:MF","cytoskeletal protein binding","GO:0008092","0.00021242446045831095","3.672795476147868","979","98","17","24018","ACTB,SYN1,MAP6,MAP1B,MAP1A,TNNC2,MAP2,TPPP,SYNPO,ANK2,MAPT,VAMP2,CFL1,DMTN,MAP4,GAPDH,DBN1"
"GO:MF","chromatin binding","GO:0003682","0.0002767902301030821","3.5578492432875426","668","98","14","24018","H2AX,H1-4,H1-2,HP1BP3,H1-5,H1-1,H2AJ,H1-0,H1-3,HIST2H2AA1,PSIP1,HNRNPD,SFPQ,NPM1"
"GO:MF","structural constituent of cytoskeleton","GO:0005200","0.00043632788126145023","3.3601870347988387","79","98","6","24018","ACTB,ACTBL2,TUBB3,ANK2,TUBA3A,TUBB4A"
"GO:MF","protein dimerization activity","GO:0046983","0.0031575934950013747","2.50064378130722","1066","98","16","24018","H2BC1,H2AX,H2BC21,H4C1,H2AJ,H2BC3,H3F4,TPPP,CAMK2A,KRT10,HIST2H2AA1,NOLC1,SFPQ,ATP1A2,BCAS1,KRT1"
"GO:MF","calmodulin binding","GO:0005516","0.0070720850751083576","2.1504525235283727","192","98","7","24018","MBP,MAP6,MAP2,BASP1,CAMK2A,VAMP2,EEF1A1"
"GO:MF","microtubule binding","GO:0008017","0.007629396385991367","2.1175098207086807","270","98","8","24018","MAP6,MAP1B,MAP1A,MAP2,TPPP,MAPT,MAP4,GAPDH"
"GO:MF","cytoskeletal regulatory protein binding","GO:0005519","0.024902295594008913","1.6037606160425257","3","98","2","24018","MAP1B,MAP2"
"GO:MF","actin binding","GO:0003779","0.03445665941557176","1.462726829839496","431","98","9","24018","SYN1,MAP1B,MAP1A,TNNC2,MAP2,SYNPO,CFL1,DMTN,DBN1"
"GO:MF","protein-macromolecule adaptor activity","GO:0030674","0.04746304204348103","1.32364443003864","921","98","13","24018","H2AX,HNRNPA2B1,MAP1A,BASP1,ANK2,HNRNPC,PSIP1,NOLC1,VAMP2,HSPA8,BAIAP2,SHANK2,COL1A2"
"GO:MF","ATP:ADP antiporter activity","GO:0005471","0.04967190761778124","1.3038891608832268","4","98","2","24018","SLC25A5,SLC25A4"
"GO:BP","organelle organization","GO:0006996","4.860653594310296e-19","18.313305328820583","3494","95","53","25907","H2BC1,H1-4,H1-2,H1-5,H1-1,ACTA1,ACTB,MAP6,HNRNPA2B1,H1-0,MAP1B,MAP1A,MAP2,ACTBL2,TPPP,SYNPO,TUBB3,KRT71,KRT18,RPL23A,THY1,PCLO,NEFM,CAMK2A,ANK2,KRT19,PPIA,RPL6,H1-3,MAPT,NOLC1,TUBA3A,HNRNPD,SLC25A5,VAMP2,SFPQ,NPM1,HSPA8,BAIAP2,SHANK2,NDUFA2,NEGR1,CFL1,TUBB4A,DMTN,MAP4,GAPDH,CENPV,DBN1,KRT1,SRCIN1,SYNGAP1,SLC25A4"
"GO:BP","cellular component organization or biogenesis","GO:0071840","2.091016226170084e-17","16.67964259706813","7867","95","73","25907","MBP,H2BC1,H2AX,H1-4,H1-2,HP1BP3,H1-5,H1-1,ACTA1,H4C1,ACTB,BSN,SYN1,MAP6,HNRNPA2B1,H2AJ,H1-0,MAP1B,H3F4,MAP1A,MAP2,ACTBL2,TPPP,SYNPO,TUBB3,KRT71,PLP1,BASP1,KRT18,RPL23A,THY1,PCLO,NEFM,CAMK2A,ANK2,KRT19,PPIA,RPL6,KRT10,H1-3,SNRPD2,MAPT,HIST2H2AA1,PSIP1,NOLC1,RPS27A,TUBA3A,HNRNPD,SLC25A5,ALDOA,VAMP2,SFPQ,NPM1,HSPA8,BAIAP2,SHANK2,NDUFA2,NEGR1,CFL1,COL1A2,TUBB4A,DMTN,COL4A2,SLC1A2,MAP4,GAPDH,CENPV,SORBS2,DBN1,KRT1,SRCIN1,SYNGAP1,SLC25A4"
"GO:BP","cellular component organization","GO:0016043","3.104839794430797e-17","16.507960803922078","7668","95","72","25907","MBP,H2BC1,H2AX,H1-4,H1-2,HP1BP3,H1-5,H1-1,ACTA1,H4C1,ACTB,BSN,SYN1,MAP6,HNRNPA2B1,H2AJ,H1-0,MAP1B,H3F4,MAP1A,MAP2,ACTBL2,TPPP,SYNPO,TUBB3,KRT71,PLP1,BASP1,KRT18,RPL23A,THY1,PCLO,NEFM,CAMK2A,ANK2,KRT19,PPIA,RPL6,KRT10,H1-3,SNRPD2,MAPT,HIST2H2AA1,PSIP1,NOLC1,TUBA3A,HNRNPD,SLC25A5,ALDOA,VAMP2,SFPQ,NPM1,HSPA8,BAIAP2,SHANK2,NDUFA2,NEGR1,CFL1,COL1A2,TUBB4A,DMTN,COL4A2,SLC1A2,MAP4,GAPDH,CENPV,SORBS2,DBN1,KRT1,SRCIN1,SYNGAP1,SLC25A4"
"GO:BP","nucleosome assembly","GO:0006334","1.0444090521881078e-11","10.981129372679899","78","95","11","25907","H2BC1,H1-4,H1-2,HP1BP3,H1-5,H1-1,H4C1,H1-0,H3F4,H1-3,HIST2H2AA1"
"GO:BP","nucleosome organization","GO:0034728","1.2619755787398859e-10","9.89894904930831","97","95","11","25907","H2BC1,H1-4,H1-2,HP1BP3,H1-5,H1-1,H4C1,H1-0,H3F4,H1-3,HIST2H2AA1"
"GO:BP","cytoskeleton organization","GO:0007010","4.353550714359598e-10","9.361156392093815","1471","95","28","25907","ACTA1,MAP6,MAP1B,MAP1A,MAP2,ACTBL2,TPPP,SYNPO,TUBB3,KRT71,KRT18,THY1,PCLO,NEFM,ANK2,KRT19,MAPT,TUBA3A,NPM1,BAIAP2,CFL1,TUBB4A,DMTN,MAP4,GAPDH,DBN1,KRT1,SRCIN1"
"GO:BP","cellular component assembly","GO:0022607","1.737599537793743e-9","8.760050307614758","4165","95","45","25907","H2BC1,H1-4,H1-2,HP1BP3,H1-5,H1-1,ACTA1,H4C1,ACTB,BSN,H1-0,MAP1B,H3F4,MAP2,TPPP,SYNPO,BASP1,RPL23A,THY1,PCLO,ANK2,KRT19,RPL6,KRT10,H1-3,SNRPD2,MAPT,HIST2H2AA1,PSIP1,ALDOA,VAMP2,NPM1,HSPA8,BAIAP2,SHANK2,NDUFA2,NEGR1,CFL1,COL1A2,TUBB4A,DMTN,SLC1A2,CENPV,DBN1,KRT1"
"GO:BP","cellular component biogenesis","GO:0044085","3.189623019235931e-9","8.496260643068302","4421","95","46","25907","H2BC1,H1-4,H1-2,HP1BP3,H1-5,H1-1,ACTA1,H4C1,ACTB,BSN,H1-0,MAP1B,H3F4,MAP2,TPPP,SYNPO,BASP1,RPL23A,THY1,PCLO,ANK2,KRT19,RPL6,KRT10,H1-3,SNRPD2,MAPT,HIST2H2AA1,PSIP1,RPS27A,ALDOA,VAMP2,NPM1,HSPA8,BAIAP2,SHANK2,NDUFA2,NEGR1,CFL1,COL1A2,TUBB4A,DMTN,SLC1A2,CENPV,DBN1,KRT1"
"GO:BP","protein-DNA complex assembly","GO:0065004","7.416672904409864e-9","8.129790874142087","185","95","12","25907","H2BC1,H1-4,H1-2,HP1BP3,H1-5,H1-1,H4C1,H1-0,H3F4,H1-3,HIST2H2AA1,CENPV"
"GO:BP","protein-DNA complex organization","GO:0071824","2.6295971097725685e-8","7.5801107862653865","206","95","12","25907","H2BC1,H1-4,H1-2,HP1BP3,H1-5,H1-1,H4C1,H1-0,H3F4,H1-3,HIST2H2AA1,CENPV"
"GO:BP","protein-containing complex assembly","GO:0065003","5.614882536841674e-8","7.250659324733794","2678","95","34","25907","H2BC1,H1-4,H1-2,HP1BP3,H1-5,H1-1,H4C1,H1-0,MAP1B,H3F4,MAP2,TPPP,BASP1,RPL23A,RPL6,KRT10,H1-3,SNRPD2,MAPT,HIST2H2AA1,PSIP1,ALDOA,VAMP2,HSPA8,BAIAP2,NDUFA2,CFL1,COL1A2,TUBB4A,DMTN,SLC1A2,CENPV,DBN1,KRT1"
"GO:BP","protein-containing complex organization","GO:0043933","7.68272272431715e-8","7.114484840568515","2868","95","35","25907","H2BC1,H1-4,H1-2,HP1BP3,H1-5,H1-1,H4C1,H1-0,MAP1B,H3F4,MAP1A,MAP2,TPPP,BASP1,RPL23A,RPL6,KRT10,H1-3,SNRPD2,MAPT,HIST2H2AA1,PSIP1,ALDOA,VAMP2,HSPA8,BAIAP2,NDUFA2,CFL1,COL1A2,TUBB4A,DMTN,SLC1A2,CENPV,DBN1,KRT1"
"GO:BP","anatomical structure development","GO:0048856","7.980209781211524e-8","7.097985691904275","6280","95","53","25907","MBP,H2BC1,H2AX,H1-5,ACTA1,ACTB,BSN,SYN1,MAP6,H2AJ,MAP1B,MAP1A,MAP2,ACTBL2,TPPP,TUBB3,KRT71,PLP1,BASP1,THY1,PCLO,CAMK2A,ANK2,KRT19,PPIA,KRT10,MAPT,NOLC1,HNRNPD,SLC25A5,ACO2,HSPA8,BAIAP2,ATP1A2,FKBP1A,SHANK2,NDUFA2,NEGR1,CFL1,COL1A2,MATR3,DMTN,COL4A2,SLC1A2,MAP4,BCAS1,SORBS2,DBN1,KRT1,SRCIN1,SYNGAP1,VDAC1,SLC25A4"
"GO:BP","nervous system development","GO:0007399","1.1621090479135324e-7","6.934753117483511","2593","95","33","25907","MBP,H2AX,ACTB,BSN,SYN1,MAP6,H2AJ,MAP1B,MAP1A,MAP2,ACTBL2,TPPP,TUBB3,PLP1,THY1,PCLO,CAMK2A,ANK2,PPIA,MAPT,HNRNPD,HSPA8,BAIAP2,ATP1A2,SHANK2,NEGR1,CFL1,SLC1A2,MAP4,BCAS1,DBN1,SRCIN1,SYNGAP1"
"GO:BP","chromatin remodeling","GO:0006338","1.3695947079650408e-7","6.86340793075251","699","95","18","25907","H2BC1,H2AX,H1-4,H1-2,HP1BP3,H1-5,H1-1,H4C1,ACTB,H2AJ,H1-0,H3F4,H1-3,HIST2H2AA1,PSIP1,SFPQ,NPM1,CENPV"
"GO:BP","developmental process","GO:0032502","2.0212751134580239e-7","6.6943745711332925","6873","95","55","25907","MBP,H2BC1,H2AX,H1-5,H1-1,ACTA1,ACTB,BSN,SYN1,MAP6,H2AJ,MAP1B,MAP1A,MAP2,ACTBL2,TPPP,TUBB3,KRT71,PLP1,BASP1,THY1,PCLO,CAMK2A,ANK2,KRT19,PPIA,KRT10,MAPT,NOLC1,TUBA3A,HNRNPD,SLC25A5,ACO2,HSPA8,BAIAP2,ATP1A2,FKBP1A,SHANK2,NDUFA2,NEGR1,CFL1,COL1A2,MATR3,DMTN,COL4A2,SLC1A2,MAP4,BCAS1,SORBS2,DBN1,KRT1,SRCIN1,SYNGAP1,VDAC1,SLC25A4"
"GO:BP","regulation of localization","GO:0032879","4.105541239862744e-7","6.386629581055844","2108","95","29","25907","H1-1,ACTB,BSN,SYN1,MAP1B,MAP1A,MAP2,PLP1,THY1,PCLO,CAMK2A,ANK2,PPIA,MAPT,NOLC1,SLC25A5,VAMP2,NPM1,HSPA8,ATP1A2,FKBP1A,NEGR1,CFL1,DMTN,SLC1A2,SORBS2,DBN1,VDAC1,SLC25A4"
"GO:BP","system development","GO:0048731","6.103954000953176e-7","6.21438874785912","4155","95","41","25907","MBP,H2AX,ACTB,BSN,SYN1,MAP6,H2AJ,MAP1B,MAP1A,MAP2,ACTBL2,TPPP,TUBB3,PLP1,BASP1,THY1,PCLO,CAMK2A,ANK2,PPIA,MAPT,HNRNPD,ACO2,HSPA8,BAIAP2,ATP1A2,FKBP1A,SHANK2,NEGR1,CFL1,COL1A2,MATR3,COL4A2,SLC1A2,MAP4,BCAS1,SORBS2,DBN1,SRCIN1,SYNGAP1,SLC25A4"
"GO:BP","cell junction organization","GO:0034330","0.0000010425654125582967","5.981896687028641","898","95","19","25907","ACTB,BSN,SYN1,MAP1B,ACTBL2,SYNPO,THY1,PCLO,ANK2,HSPA8,BAIAP2,SHANK2,NEGR1,CFL1,DMTN,SORBS2,DBN1,SRCIN1,SYNGAP1"
"GO:BP","neuron projection morphogenesis","GO:0048812","0.000001366218556005366","5.864479820365575","706","95","17","25907","MBP,ACTB,MAP6,MAP1B,MAP1A,MAP2,ACTBL2,TUBB3,THY1,CAMK2A,MAPT,BAIAP2,NEGR1,CFL1,DBN1,SRCIN1,SYNGAP1"
"GO:BP","supramolecular fiber organization","GO:0097435","0.0000015436513628319019","5.8114507793210635","813","95","18","25907","ACTA1,MAP1B,MAP1A,MAP2,TPPP,SYNPO,KRT71,BASP1,KRT19,MAPT,HSPA8,BAIAP2,CFL1,COL1A2,TUBB4A,DMTN,DBN1,KRT1"
"GO:BP","plasma membrane bounded cell projection morphogenesis","GO:0120039","0.000001877566114284513","5.726404761347283","721","95","17","25907","MBP,ACTB,MAP6,MAP1B,MAP1A,MAP2,ACTBL2,TUBB3,THY1,CAMK2A,MAPT,BAIAP2,NEGR1,CFL1,DBN1,SRCIN1,SYNGAP1"
"GO:BP","multicellular organism development","GO:0007275","0.000002069752749037157","5.684081531906512","4907","95","44","25907","MBP,H2AX,ACTB,BSN,SYN1,MAP6,H2AJ,MAP1B,MAP1A,MAP2,ACTBL2,TPPP,TUBB3,PLP1,BASP1,THY1,PCLO,CAMK2A,ANK2,KRT19,PPIA,MAPT,NOLC1,HNRNPD,ACO2,HSPA8,BAIAP2,ATP1A2,FKBP1A,SHANK2,NDUFA2,NEGR1,CFL1,COL1A2,MATR3,COL4A2,SLC1A2,MAP4,BCAS1,SORBS2,DBN1,SRCIN1,SYNGAP1,SLC25A4"
"GO:BP","cell projection morphogenesis","GO:0048858","0.0000021722049152444794","5.6630992079219595","728","95","17","25907","MBP,ACTB,MAP6,MAP1B,MAP1A,MAP2,ACTBL2,TUBB3,THY1,CAMK2A,MAPT,BAIAP2,NEGR1,CFL1,DBN1,SRCIN1,SYNGAP1"
"GO:BP","chromatin organization","GO:0006325","0.000002685596210086745","5.570959284635966","842","95","18","25907","H2BC1,H2AX,H1-4,H1-2,HP1BP3,H1-5,H1-1,H4C1,ACTB,H2AJ,H1-0,H3F4,H1-3,HIST2H2AA1,PSIP1,SFPQ,NPM1,CENPV"
"GO:BP","cell morphogenesis involved in neuron differentiation","GO:0048667","0.0000033436097797143195","5.47578441317248","650","95","16","25907","MBP,ACTB,MAP6,MAP1B,MAP1A,MAP2,ACTBL2,TUBB3,THY1,CAMK2A,MAPT,BAIAP2,CFL1,DBN1,SRCIN1,SYNGAP1"
"GO:BP","regulation of organelle organization","GO:0033043","0.000009254165027499885","5.033662760088605","1145","95","20","25907","ACTB,MAP6,HNRNPA2B1,MAP1B,MAP1A,MAP2,TPPP,SYNPO,MAPT,HNRNPD,SLC25A5,SFPQ,NPM1,BAIAP2,CFL1,TUBB4A,DMTN,CENPV,DBN1,SLC25A4"
"GO:BP","regulation of transport","GO:0051049","0.000014906379821287258","4.826627816945323","1709","95","24","25907","H1-1,ACTB,BSN,SYN1,MAP1B,MAP2,PLP1,THY1,PCLO,CAMK2A,ANK2,PPIA,MAPT,NOLC1,SLC25A5,VAMP2,HSPA8,ATP1A2,FKBP1A,NEGR1,SLC1A2,DBN1,VDAC1,SLC25A4"
"GO:BP","synapse organization","GO:0050808","0.000017684242012450724","4.75241355031713","630","95","15","25907","BSN,SYN1,MAP1B,ACTBL2,SYNPO,PCLO,HSPA8,BAIAP2,SHANK2,NEGR1,CFL1,SORBS2,DBN1,SRCIN1,SYNGAP1"
"GO:BP","chromosome condensation","GO:0030261","0.000018091653916465532","4.742521728664727","42","95","6","25907","H1-4,H1-2,H1-5,H1-1,H1-0,H1-3"
"GO:BP","localization","GO:0051179","0.00002594660828903977","4.585919404583329","5309","95","44","25907","H2AX,H1-5,H1-1,H4C1,ACTB,BSN,SYN1,MAP6,HNRNPA2B1,MAP1B,MAP1A,MAP2,PLP1,KRT18,THY1,PCLO,ATP5ME,CAMK2A,ANK2,PPIA,MAPT,NOLC1,SLC25A5,VAMP2,SFPQ,NPM1,HSPA8,BAIAP2,ATP1A2,FKBP1A,NDUFA2,NEGR1,CFL1,DMTN,SLC1A2,MAP4,SORBS2,DBN1,HNRNPA3,ATP5F1A,SYNGAP1,VDAC1,SFXN3,SLC25A4"
"GO:BP","regulation of synaptic plasticity","GO:0048167","0.000029969328399032967","4.523322989315354","382","95","12","25907","SYN1,MAP1B,MAP1A,SYNPO,CAMK2A,MAPT,VAMP2,BAIAP2,SHANK2,CFL1,DBN1,SYNGAP1"
"GO:BP","neuron projection development","GO:0031175","0.00005330996616870317","4.2731915930846815","1144","95","19","25907","MBP,ACTB,MAP6,MAP1B,MAP1A,MAP2,ACTBL2,TUBB3,PLP1,THY1,CAMK2A,MAPT,BAIAP2,NEGR1,CFL1,MAP4,DBN1,SRCIN1,SYNGAP1"
"GO:BP","negative regulation of DNA recombination","GO:0045910","0.00005352716879516606","4.271425727084602","50","95","6","25907","H1-4,H1-2,H1-5,H1-1,H1-0,H1-3"
"GO:BP","axo-dendritic transport","GO:0008088","0.00006068872392007317","4.216891994167089","87","95","7","25907","BSN,MAP6,MAP1A,MAP2,MAPT,SFPQ,HSPA8"
"GO:BP","neuron development","GO:0048666","0.00007869872120786467","4.104032324526323","1302","95","20","25907","MBP,ACTB,SYN1,MAP6,MAP1B,MAP1A,MAP2,ACTBL2,TUBB3,PLP1,THY1,CAMK2A,MAPT,BAIAP2,NEGR1,CFL1,MAP4,DBN1,SRCIN1,SYNGAP1"
"GO:BP","cell morphogenesis","GO:0000902","0.00008468566453394715","4.072190100185479","1053","95","18","25907","MBP,ACTB,MAP6,MAP1B,MAP1A,MAP2,ACTBL2,TUBB3,THY1,CAMK2A,MAPT,BAIAP2,NEGR1,CFL1,DMTN,DBN1,SRCIN1,SYNGAP1"
"GO:BP","regulation of protein polymerization","GO:0032271","0.00008763763169802593","4.057309367240682","197","95","9","25907","MAP1B,MAP2,TPPP,MAPT,BAIAP2,CFL1,TUBB4A,DMTN,DBN1"
"GO:BP","regulation of cellular component organization","GO:0051128","0.00011830903538406233","3.9269820865842786","2537","95","28","25907","MBP,H1-1,ACTB,MAP6,HNRNPA2B1,MAP1B,MAP1A,MAP2,TPPP,SYNPO,THY1,MAPT,HNRNPD,SLC25A5,SFPQ,NPM1,HSPA8,BAIAP2,SHANK2,NEGR1,CFL1,TUBB4A,DMTN,CENPV,DBN1,SRCIN1,SYNGAP1,SLC25A4"
"GO:BP","axon development","GO:0061564","0.00021263064118971978","3.6723741511921086","552","95","13","25907","MBP,ACTB,MAP6,MAP1B,MAP1A,MAP2,ACTBL2,TUBB3,PLP1,THY1,MAPT,DBN1,SYNGAP1"
"GO:BP","cellular localization","GO:0051641","0.00021973613776333904","3.6580985132179324","3493","95","33","25907","H2AX,H1-5,H4C1,ACTB,BSN,SYN1,MAP6,HNRNPA2B1,MAP1B,MAP1A,MAP2,KRT18,THY1,PCLO,CAMK2A,ANK2,PPIA,MAPT,NOLC1,VAMP2,SFPQ,NPM1,HSPA8,BAIAP2,FKBP1A,NEGR1,CFL1,DMTN,SLC1A2,MAP4,SORBS2,DBN1,SYNGAP1"
"GO:BP","establishment of localization","GO:0051234","0.00024306474380796151","3.614278030379462","4666","95","39","25907","H1-5,H1-1,ACTB,BSN,SYN1,MAP6,HNRNPA2B1,MAP1B,MAP1A,MAP2,PLP1,KRT18,THY1,PCLO,ATP5ME,CAMK2A,ANK2,PPIA,MAPT,NOLC1,SLC25A5,VAMP2,SFPQ,NPM1,HSPA8,ATP1A2,FKBP1A,NDUFA2,NEGR1,CFL1,DMTN,SLC1A2,MAP4,DBN1,HNRNPA3,ATP5F1A,VDAC1,SFXN3,SLC25A4"
"GO:BP","postsynapse organization","GO:0099173","0.0002756356187074636","3.5596646619147085","298","95","10","25907","MAP1B,ACTBL2,HSPA8,BAIAP2,SHANK2,CFL1,SORBS2,DBN1,SRCIN1,SYNGAP1"
"GO:BP","regulation of axonogenesis","GO:0050770","0.00029240291974392516","3.5340182951124524","163","95","8","25907","MBP,MAP6,MAP1B,MAP2,THY1,MAPT,DBN1,SYNGAP1"
"GO:BP","regulation of supramolecular fiber organization","GO:1902903","0.0003043964934644623","3.5165603547851902","383","95","11","25907","MAP1B,MAP1A,MAP2,SYNPO,MAPT,HSPA8,BAIAP2,CFL1,TUBB4A,DMTN,DBN1"
"GO:BP","axonogenesis","GO:0007409","0.0003756296804324229","3.425240099210096","482","95","12","25907","MBP,ACTB,MAP6,MAP1B,MAP1A,MAP2,ACTBL2,TUBB3,THY1,MAPT,DBN1,SYNGAP1"
"GO:BP","negative regulation of supramolecular fiber organization","GO:1902904","0.0003859392397394382","3.413481063004293","169","95","8","25907","MAP1B,MAP1A,MAP2,HSPA8,CFL1,TUBB4A,DMTN,DBN1"
"GO:BP","dendrite development","GO:0016358","0.0003969813579332227","3.401229887032415","310","95","10","25907","MAP6,MAP1B,MAP1A,MAP2,CAMK2A,BAIAP2,CFL1,DBN1,SRCIN1,SYNGAP1"
"GO:BP","neuron differentiation","GO:0030182","0.00042722581187797993","3.3693425162380928","1588","95","21","25907","MBP,ACTB,SYN1,MAP6,MAP1B,MAP1A,MAP2,ACTBL2,TUBB3,PLP1,THY1,CAMK2A,PPIA,MAPT,BAIAP2,NEGR1,CFL1,MAP4,DBN1,SRCIN1,SYNGAP1"
"GO:BP","transport along microtubule","GO:0010970","0.0005989788692183121","3.2225884983849062","179","95","8","25907","BSN,MAP6,MAP1B,MAP1A,MAP2,MAPT,SFPQ,HSPA8"
"GO:BP","synaptic signaling","GO:0099536","0.0006652077265777675","3.1770427149687537","953","95","16","25907","BSN,SYN1,MAP1B,MAP1A,SYNPO,PCLO,CAMK2A,MAPT,VAMP2,BAIAP2,SHANK2,CFL1,SORBS2,DBN1,SYNGAP1,VDAC1"
"GO:BP","modulation of chemical synaptic transmission","GO:0050804","0.00067370489962148","3.1715302941630785","719","95","14","25907","BSN,SYN1,MAP1B,MAP1A,SYNPO,PCLO,CAMK2A,MAPT,VAMP2,BAIAP2,SHANK2,CFL1,DBN1,SYNGAP1"
"GO:BP","regulation of trans-synaptic signaling","GO:0099177","0.0006850283299154365","3.1642914675272356","720","95","14","25907","BSN,SYN1,MAP1B,MAP1A,SYNPO,PCLO,CAMK2A,MAPT,VAMP2,BAIAP2,SHANK2,CFL1,DBN1,SYNGAP1"
"GO:BP","regulation of cytoskeleton organization","GO:0051493","0.000760243191713495","3.119047460449861","515","95","12","25907","MAP6,MAP1B,MAP1A,MAP2,TPPP,SYNPO,MAPT,BAIAP2,CFL1,TUBB4A,DMTN,DBN1"
"GO:BP","multicellular organismal process","GO:0032501","0.0007885586188945403","3.1031660170894435","8499","95","55","25907","MBP,H2AX,ACTA1,ACTB,BSN,SYN1,MAP6,H2AJ,MAP1B,MAP1A,TNNC2,MAP2,ACTBL2,TPPP,SYNPO,TUBB3,KRT71,PLP1,BASP1,THY1,PCLO,CAMK2A,ANK2,KRT19,PPIA,MAPT,NOLC1,TUBA3A,HNRNPD,SLC25A5,VAMP2,ACO2,HSPA8,BAIAP2,ATP1A2,FKBP1A,SHANK2,NDUFA2,NEGR1,CFL1,COL1A2,MATR3,DMTN,COL4A2,SLC1A2,MAP4,BCAS1,GAPDH,SORBS2,DBN1,KRT1,SRCIN1,SYNGAP1,VDAC1,SLC25A4"
"GO:BP","anatomical structure morphogenesis","GO:0009653","0.0008032153841156546","3.095167982006135","2781","95","28","25907","MBP,ACTA1,ACTB,MAP6,MAP1B,MAP1A,MAP2,ACTBL2,TPPP,TUBB3,KRT71,THY1,CAMK2A,ANK2,KRT19,MAPT,NOLC1,BAIAP2,FKBP1A,NEGR1,CFL1,COL1A2,MATR3,DMTN,COL4A2,DBN1,SRCIN1,SYNGAP1"
"GO:BP","negative regulation of biological process","GO:0048519","0.0009683263892958198","3.0139782323836615","5759","95","43","25907","MBP,H2AX,H1-4,H1-2,H1-5,H1-1,ACTB,HNRNPA2B1,H2AJ,H1-0,MAP1B,MAP1A,MAP2,TPPP,BASP1,KRT18,THY1,ANK2,HNRNPC,PPIA,H1-3,MAPT,HIST2H2AA1,HNRNPD,SLC25A5,SFPQ,NPM1,HSPA8,ATP1A2,FKBP1A,SHANK2,CFL1,TUBB4A,DMTN,COL4A2,GAPDH,CENPV,DBN1,KRT1,ATP5F1A,SYNGAP1,VDAC1,SLC25A4"
"GO:BP","generation of neurons","GO:0048699","0.0009976992635555163","3.001000348352887","1672","95","21","25907","MBP,ACTB,SYN1,MAP6,MAP1B,MAP1A,MAP2,ACTBL2,TUBB3,PLP1,THY1,CAMK2A,PPIA,MAPT,BAIAP2,NEGR1,CFL1,MAP4,DBN1,SRCIN1,SYNGAP1"
"GO:BP","chromosome organization","GO:0051276","0.0010297079333039167","2.9872859412575896","530","95","12","25907","H2BC1,H1-4,H1-2,H1-5,H1-1,ACTB,HNRNPA2B1,H1-0,H1-3,HNRNPD,SFPQ,CENPV"
"GO:BP","protein localization to cell junction","GO:1902414","0.0013102955540937645","2.8826307325621063","136","95","7","25907","ACTB,BSN,MAP1A,PCLO,CAMK2A,VAMP2,BAIAP2"
"GO:BP","transport","GO:0006810","0.0013721028850728666","2.8626133224892145","4364","95","36","25907","H1-1,ACTB,BSN,SYN1,MAP6,HNRNPA2B1,MAP1B,MAP1A,MAP2,PLP1,KRT18,THY1,PCLO,ATP5ME,CAMK2A,ANK2,PPIA,MAPT,NOLC1,SLC25A5,VAMP2,SFPQ,NPM1,HSPA8,ATP1A2,FKBP1A,NDUFA2,NEGR1,CFL1,SLC1A2,DBN1,HNRNPA3,ATP5F1A,VDAC1,SFXN3,SLC25A4"
"GO:BP","protein polymerization","GO:0051258","0.0014287774002177147","2.8450354278832743","274","95","9","25907","MAP1B,MAP2,TPPP,MAPT,BAIAP2,CFL1,TUBB4A,DMTN,DBN1"
"GO:BP","cytoskeleton-dependent intracellular transport","GO:0030705","0.001442934936117658","2.8407532513889264","201","95","8","25907","BSN,MAP6,MAP1B,MAP1A,MAP2,MAPT,SFPQ,HSPA8"
"GO:BP","regulation of DNA recombination","GO:0000018","0.0014460162845486178","2.8398268161356914","138","95","7","25907","H1-4,H1-2,H1-5,H1-1,ACTB,H1-0,H1-3"
"GO:BP","microtubule-based process","GO:0007017","0.001550984087533273","2.809392657848512","1016","95","16","25907","BSN,MAP6,MAP1B,MAP1A,MAP2,TPPP,TUBB3,MAPT,TUBA3A,SFPQ,NPM1,HSPA8,CFL1,TUBB4A,MAP4,GAPDH"
"GO:BP","cell development","GO:0048468","0.0015515513315882794","2.8092338516255704","3233","95","30","25907","MBP,H2BC1,ACTA1,ACTB,SYN1,MAP6,MAP1B,MAP1A,MAP2,ACTBL2,TPPP,TUBB3,PLP1,THY1,CAMK2A,ANK2,KRT19,MAPT,NOLC1,SLC25A5,BAIAP2,NEGR1,CFL1,DMTN,MAP4,SORBS2,DBN1,SRCIN1,SYNGAP1,SLC25A4"
"GO:BP","cellular developmental process","GO:0048869","0.0015829274404706548","2.800538992228885","4796","95","38","25907","MBP,H2BC1,ACTA1,ACTB,SYN1,MAP6,MAP1B,MAP1A,MAP2,ACTBL2,TPPP,TUBB3,KRT71,PLP1,BASP1,THY1,CAMK2A,ANK2,KRT19,PPIA,KRT10,MAPT,NOLC1,HNRNPD,SLC25A5,BAIAP2,NEGR1,CFL1,DMTN,COL4A2,MAP4,SORBS2,DBN1,KRT1,SRCIN1,SYNGAP1,VDAC1,SLC25A4"
"GO:BP","regulation of neuron projection development","GO:0010975","0.0016089380205202345","2.7934606854625","553","95","12","25907","MBP,MAP6,MAP1B,MAP2,THY1,MAPT,BAIAP2,NEGR1,CFL1,DBN1,SRCIN1,SYNGAP1"
"GO:BP","cell projection organization","GO:0030030","0.0016408064402927986","2.7849426479967505","1724","95","21","25907","MBP,ACTB,MAP6,MAP1B,MAP1A,MAP2,ACTBL2,TUBB3,PLP1,THY1,CAMK2A,MAPT,BAIAP2,NEGR1,CFL1,TUBB4A,DMTN,MAP4,DBN1,SRCIN1,SYNGAP1"
"GO:BP","anterograde trans-synaptic signaling","GO:0098916","0.0018661693952272153","2.7290489371846838","904","95","15","25907","BSN,SYN1,MAP1B,MAP1A,SYNPO,PCLO,CAMK2A,MAPT,VAMP2,BAIAP2,SHANK2,CFL1,DBN1,SYNGAP1,VDAC1"
"GO:BP","chemical synaptic transmission","GO:0007268","0.0018661693952272153","2.7290489371846838","904","95","15","25907","BSN,SYN1,MAP1B,MAP1A,SYNPO,PCLO,CAMK2A,MAPT,VAMP2,BAIAP2,SHANK2,CFL1,DBN1,SYNGAP1,VDAC1"
"GO:BP","microtubule cytoskeleton organization","GO:0000226","0.0020012019936889373","2.6987090731243906","673","95","13","25907","MAP6,MAP1B,MAP1A,MAP2,TPPP,TUBB3,MAPT,TUBA3A,NPM1,CFL1,TUBB4A,MAP4,GAPDH"
"GO:BP","trans-synaptic signaling","GO:0099537","0.0020821291032202443","2.6814923453932886","912","95","15","25907","BSN,SYN1,MAP1B,MAP1A,SYNPO,PCLO,CAMK2A,MAPT,VAMP2,BAIAP2,SHANK2,CFL1,DBN1,SYNGAP1,VDAC1"
"GO:BP","regulation of cellular component size","GO:0032535","0.0023036724009398136","2.637579280708839","376","95","10","25907","HP1BP3,MAP1B,MAP2,PCLO,MAPT,NPM1,BAIAP2,CFL1,DMTN,DBN1"
"GO:BP","neurogenesis","GO:0022008","0.0026087006165268693","2.5835757591714823","1931","95","22","25907","MBP,ACTB,SYN1,MAP6,MAP1B,MAP1A,MAP2,ACTBL2,TPPP,TUBB3,PLP1,THY1,CAMK2A,PPIA,MAPT,BAIAP2,NEGR1,CFL1,MAP4,DBN1,SRCIN1,SYNGAP1"
"GO:BP","negative regulation of cellular process","GO:0048523","0.0027946044252435665","2.553679657577965","5540","95","41","25907","MBP,H2AX,H1-4,H1-2,H1-5,H1-1,ACTB,HNRNPA2B1,H2AJ,H1-0,MAP1B,MAP1A,MAP2,TPPP,BASP1,KRT18,THY1,ANK2,HNRNPC,PPIA,H1-3,MAPT,HIST2H2AA1,HNRNPD,SLC25A5,SFPQ,NPM1,HSPA8,ATP1A2,FKBP1A,SHANK2,CFL1,TUBB4A,DMTN,GAPDH,CENPV,DBN1,ATP5F1A,SYNGAP1,VDAC1,SLC25A4"
"GO:BP","regulation of microtubule cytoskeleton organization","GO:0070507","0.0035845391084941376","2.445566676957246","158","95","7","25907","MAP6,MAP1B,MAP1A,MAP2,TPPP,MAPT,TUBB4A"
"GO:BP","regulation of biological quality","GO:0065008","0.003631043542465902","2.439968543117048","3180","95","29","25907","HP1BP3,H1-5,SYN1,MAP1B,MAP1A,MAP2,SYNPO,PCLO,CAMK2A,ANK2,PPIA,MAPT,HNRNPD,SLC25A5,VAMP2,NPM1,HSPA8,BAIAP2,ATP1A2,SHANK2,NEGR1,CFL1,COL1A2,DMTN,GAPDH,DBN1,SRCIN1,SYNGAP1,SLC25A4"
"GO:BP","microtubule-based transport","GO:0099111","0.003710779123216153","2.4305348954014834","228","95","8","25907","BSN,MAP6,MAP1B,MAP1A,MAP2,MAPT,SFPQ,HSPA8"
"GO:BP","negative regulation of cellular component organization","GO:0051129","0.00421567913012365","2.375132452188265","720","95","13","25907","MBP,MAP1B,MAP1A,MAP2,THY1,SLC25A5,HSPA8,CFL1,TUBB4A,DMTN,DBN1,SYNGAP1,SLC25A4"
"GO:BP","plasma membrane bounded cell projection organization","GO:0120036","0.0045142207322249415","2.345417209005814","1681","95","20","25907","MBP,ACTB,MAP6,MAP1B,MAP1A,MAP2,ACTBL2,TUBB3,PLP1,THY1,CAMK2A,MAPT,BAIAP2,NEGR1,CFL1,DMTN,MAP4,DBN1,SRCIN1,SYNGAP1"
"GO:BP","protein localization to synapse","GO:0035418","0.004610753437066011","2.336228101329656","105","95","6","25907","BSN,MAP1A,PCLO,CAMK2A,VAMP2,BAIAP2"
"GO:BP","cell differentiation","GO:0030154","0.004661072717098014","2.331514121614065","4795","95","37","25907","MBP,H2BC1,ACTA1,ACTB,SYN1,MAP6,MAP1B,MAP1A,MAP2,ACTBL2,TPPP,TUBB3,KRT71,PLP1,BASP1,THY1,CAMK2A,ANK2,KRT19,PPIA,KRT10,MAPT,NOLC1,SLC25A5,BAIAP2,NEGR1,CFL1,DMTN,COL4A2,MAP4,SORBS2,DBN1,KRT1,SRCIN1,SYNGAP1,VDAC1,SLC25A4"
"GO:BP","macromolecule localization","GO:0033036","0.005258518497893751","2.2791365940242194","3054","95","28","25907","H2AX,H1-5,H4C1,ACTB,BSN,HNRNPA2B1,MAP1A,MAP2,KRT18,THY1,PCLO,CAMK2A,ANK2,PPIA,MAPT,NOLC1,VAMP2,NPM1,HSPA8,BAIAP2,NEGR1,CFL1,DMTN,SORBS2,DBN1,HNRNPA3,SYNGAP1,VDAC1"
"GO:BP","cell-cell signaling","GO:0007267","0.00527193881581004","2.278029638647406","1398","95","18","25907","BSN,SYN1,MAP1B,MAP1A,SYNPO,THY1,PCLO,CAMK2A,ANK2,MAPT,VAMP2,BAIAP2,SHANK2,CFL1,SORBS2,DBN1,SYNGAP1,VDAC1"
"GO:BP","negative regulation of cytoskeleton organization","GO:0051494","0.005390502869880676","2.268370718407471","168","95","7","25907","MAP1B,MAP1A,MAP2,CFL1,TUBB4A,DMTN,DBN1"
"GO:BP","regulation of plasma membrane bounded cell projection organization","GO:0120035","0.0056043406767131276","2.2514754726868307","739","95","13","25907","MBP,MAP6,MAP1B,MAP2,THY1,MAPT,BAIAP2,NEGR1,CFL1,DMTN,DBN1,SRCIN1,SYNGAP1"
"GO:BP","regulation of protein-containing complex assembly","GO:0043254","0.0065861907301563265","2.1813656966646473","423","95","10","25907","MAP1B,MAP2,TPPP,MAPT,HSPA8,BAIAP2,CFL1,TUBB4A,DMTN,DBN1"
"GO:BP","cellular process","GO:0009987","0.006787011155974633","2.168321436947587","21471","95","93","25907","MBP,H2BC1,H2AX,H1-4,H1-2,HP1BP3,H1-5,H1-1,ACTA1,H4C1,ACTB,BSN,SYN1,MAP6,HNRNPA2B1,H2AJ,H1-0,MAP1B,H3F4,CYCS,MAP1A,MAP2,ACTBL2,TPPP,SYNPO,TUBB3,KRT71,PLP1,BASP1,KRT18,RPL23A,THY1,PCLO,NEFM,ATP5ME,CAMK2A,ANK2,HNRNPC,KRT19,PPIA,COX5B,RPL6,KRT10,H1-3,SNRPD2,MAPT,HIST2H2AA1,PSIP1,NOLC1,RPS27A,TUBA3A,HNRNPD,SLC25A5,ALDOA,VAMP2,SFPQ,ACO2,NPM1,HSPA8,BAIAP2,ATP1A2,RPL28,FKBP1A,PSD3,HSPE1,SHANK2,NDUFA2,NEGR1,CFL1,RPL19,COL1A2,TUBB4A,MATR3,DMTN,COL4A2,SLC1A2,MAP4,BCAS1,GAPDH,CENPV,SORBS2,DBN1,KRT1,GNG2,SRCIN1,COX6C,EEF1A1,HNRNPA3,ATP5F1A,SYNGAP1,VDAC1,SFXN3,SLC25A4"
"GO:BP","regulation of cell projection organization","GO:0031344","0.006973537772102133","2.156546842402861","754","95","13","25907","MBP,MAP6,MAP1B,MAP2,THY1,MAPT,BAIAP2,NEGR1,CFL1,DMTN,DBN1,SRCIN1,SYNGAP1"
"GO:BP","DNA recombination","GO:0006310","0.007092015273512584","2.1492303377644233","333","95","9","25907","H2AX,H1-4,H1-2,H1-5,H1-1,ACTB,H1-0,H1-3,SFPQ"
"GO:BP","postsynaptic density organization","GO:0097106","0.007093707082270824","2.14912674864951","64","95","5","25907","HSPA8,SHANK2,CFL1,DBN1,SYNGAP1"
"GO:BP","regulation of postsynapse organization","GO:0099175","0.009145155874999384","2.0388088877736577","182","95","7","25907","MAP1B,HSPA8,BAIAP2,SHANK2,CFL1,DBN1,SRCIN1"
"GO:BP","regulation of anatomical structure size","GO:0090066","0.009813592886502338","2.008171962537382","547","95","11","25907","HP1BP3,MAP1B,MAP2,PCLO,MAPT,NPM1,BAIAP2,ATP1A2,CFL1,DMTN,DBN1"
"GO:BP","dendrite morphogenesis","GO:0048813","0.009826415847221489","2.0076048607658095","184","95","7","25907","MAP6,MAP2,CAMK2A,BAIAP2,CFL1,DBN1,SRCIN1"
"GO:BP","regulation of microtubule-based process","GO:0032886","0.010073803415859403","1.9968065283880267","261","95","8","25907","MAP6,MAP1B,MAP1A,MAP2,TPPP,MAPT,NPM1,TUBB4A"
"GO:BP","negative regulation of organelle organization","GO:0010639","0.012161594674241735","1.9150094749961615","356","95","9","25907","MAP1B,MAP1A,MAP2,SLC25A5,CFL1,TUBB4A,DMTN,DBN1,SLC25A4"
"GO:BP","protein depolymerization","GO:0051261","0.013265706821579579","1.877269605045872","126","95","6","25907","MAP1B,MAP1A,MAP2,HSPA8,CFL1,DMTN"
"GO:BP","negative regulation of DNA metabolic process","GO:0051053","0.013882651278437816","1.85752758534808","127","95","6","25907","H1-4,H1-2,H1-5,H1-1,H1-0,H1-3"
"GO:BP","postsynaptic specialization organization","GO:0099084","0.01660276628898264","1.7798195454569352","76","95","5","25907","HSPA8,SHANK2,CFL1,DBN1,SYNGAP1"
"GO:BP","aerobic respiration","GO:0009060","0.016955458721511267","1.7706904561055263","200","95","7","25907","CYCS,ATP5ME,COX5B,ACO2,NDUFA2,COX6C,ATP5F1A"
"GO:BP","regulation of biological process","GO:0050789","0.017792455201519113","1.7497641189818598","13108","95","69","25907","MBP,H2AX,H1-4,H1-2,HP1BP3,H1-5,H1-1,ACTA1,ACTB,BSN,SYN1,MAP6,HNRNPA2B1,H2AJ,H1-0,MAP1B,CYCS,MAP1A,TNNC2,MAP2,TPPP,SYNPO,TUBB3,PLP1,BASP1,KRT18,THY1,PCLO,CAMK2A,ANK2,HNRNPC,KRT19,PPIA,H1-3,MAPT,HIST2H2AA1,PSIP1,NOLC1,HNRNPD,SLC25A5,ALDOA,VAMP2,SFPQ,NPM1,HSPA8,BAIAP2,ATP1A2,FKBP1A,PSD3,SHANK2,NEGR1,CFL1,COL1A2,TUBB4A,MATR3,DMTN,COL4A2,SLC1A2,GAPDH,CENPV,SORBS2,DBN1,KRT1,GNG2,SRCIN1,ATP5F1A,SYNGAP1,VDAC1,SLC25A4"
"GO:BP","regulation of DNA metabolic process","GO:0051052","0.018854383945625233","1.7245876533080273","477","95","10","25907","H1-4,H1-2,H1-5,H1-1,ACTB,HNRNPA2B1,H1-0,H1-3,HNRNPD,NPM1"
"GO:BP","negative regulation of protein depolymerization","GO:1901880","0.01886258201164302","1.7243988589657726","78","95","5","25907","MAP1B,MAP1A,MAP2,CFL1,DMTN"
"GO:BP","cellular response to nitrogen compound","GO:1901699","0.01904559588183027","1.7202054349672071","704","95","12","25907","ACTB,MAP1B,CAMK2A,HNRNPD,VAMP2,NPM1,BAIAP2,CFL1,DMTN,SLC1A2,SORBS2,ATP5F1A"
"GO:BP","microtubule polymerization or depolymerization","GO:0031109","0.01970476141837626","1.7054288191241809","135","95","6","25907","MAP1B,MAP1A,MAP2,TPPP,MAPT,TUBB4A"
"GO:BP","regulation of synapse structure or activity","GO:0050803","0.020492530376423637","1.6884044124788251","380","95","9","25907","MAP1B,HSPA8,BAIAP2,SHANK2,NEGR1,CFL1,DBN1,SRCIN1,SYNGAP1"
"GO:BP","monoatomic ion transmembrane transport","GO:0034220","0.02449145398728659","1.6109854312937828","980","95","14","25907","PLP1,THY1,ATP5ME,ANK2,SLC25A5,VAMP2,ATP1A2,FKBP1A,NDUFA2,SLC1A2,ATP5F1A,VDAC1,SFXN3,SLC25A4"
"GO:BP","microtubule-based movement","GO:0007018","0.025962784265939703","1.5856487353503197","495","95","10","25907","BSN,MAP6,MAP1B,MAP1A,MAP2,MAPT,TUBA3A,SFPQ,HSPA8,MAP4"
"GO:BP","organelle localization","GO:0051640","0.026420024836566094","1.5780667784558393","608","95","11","25907","BSN,MAP6,MAP1B,MAP2,PCLO,CAMK2A,MAPT,VAMP2,NPM1,CFL1,MAP4"
"GO:BP","protein localization","GO:0008104","0.02854150901440054","1.5445230690874432","2592","95","24","25907","H2AX,H1-5,H4C1,ACTB,BSN,MAP1A,MAP2,KRT18,THY1,PCLO,CAMK2A,ANK2,PPIA,NOLC1,VAMP2,NPM1,HSPA8,BAIAP2,NEGR1,CFL1,DMTN,SORBS2,DBN1,SYNGAP1"
"GO:BP","oxidative phosphorylation","GO:0006119","0.029609896687604758","1.5285631079123367","145","95","6","25907","CYCS,ATP5ME,COX5B,NDUFA2,COX6C,ATP5F1A"
"GO:BP","cellular macromolecule localization","GO:0070727","0.030628761336180158","1.513870566227685","2603","95","24","25907","H2AX,H1-5,H4C1,ACTB,BSN,MAP1A,MAP2,KRT18,THY1,PCLO,CAMK2A,ANK2,PPIA,NOLC1,VAMP2,NPM1,HSPA8,BAIAP2,NEGR1,CFL1,DMTN,SORBS2,DBN1,SYNGAP1"
"GO:BP","positive regulation of synaptic plasticity","GO:0031915","0.03126859324373109","1.5048916569798947","14","95","3","25907","MAP1B,CFL1,DBN1"
"GO:BP","negative regulation of protein-containing complex disassembly","GO:0043242","0.03216731900026459","1.4925851340595189","87","95","5","25907","MAP1B,MAP1A,MAP2,CFL1,DMTN"
"GO:BP","regulation of cellular process","GO:0050794","0.03282092236287396","1.4838492181800087","12715","95","67","25907","MBP,H2AX,H1-4,H1-2,HP1BP3,H1-5,H1-1,ACTA1,ACTB,BSN,SYN1,MAP6,HNRNPA2B1,H2AJ,H1-0,MAP1B,CYCS,MAP1A,MAP2,TPPP,SYNPO,TUBB3,PLP1,BASP1,KRT18,THY1,PCLO,CAMK2A,ANK2,HNRNPC,KRT19,PPIA,H1-3,MAPT,HIST2H2AA1,PSIP1,NOLC1,HNRNPD,SLC25A5,ALDOA,VAMP2,SFPQ,NPM1,HSPA8,BAIAP2,ATP1A2,FKBP1A,PSD3,SHANK2,NEGR1,CFL1,COL1A2,TUBB4A,MATR3,DMTN,COL4A2,SLC1A2,GAPDH,CENPV,SORBS2,DBN1,GNG2,SRCIN1,ATP5F1A,SYNGAP1,VDAC1,SLC25A4"
"GO:BP","microtubule polymerization","GO:0046785","0.0359271193929582","1.4445776027757233","89","95","5","25907","MAP1B,MAP2,TPPP,MAPT,TUBB4A"
"GO:BP","maintenance of synapse structure","GO:0099558","0.03811485097418254","1.4189057739450242","44","95","4","25907","BSN,HSPA8,SHANK2,SYNGAP1"
"GO:BP","positive regulation of mitophagy","GO:1901526","0.03898179892103786","1.4091381230569524","15","95","3","25907","SLC25A5,VDAC1,SLC25A4"
"GO:BP","regulation of anatomical structure morphogenesis","GO:0022603","0.040752051258828755","1.38985052611494","890","95","13","25907","MBP,MAP6,MAP1B,MAP2,THY1,MAPT,BAIAP2,CFL1,DMTN,COL4A2,DBN1,SRCIN1,SYNGAP1"
"GO:BP","negative regulation of microtubule polymerization or depolymerization","GO:0031111","0.041716210164785585","1.3796951532484374","45","95","4","25907","MAP1B,MAP1A,MAP2,TUBB4A"
"GO:BP","proton transmembrane transport","GO:1902600","0.04319538383852941","1.3645626624575997","155","95","6","25907","ATP5ME,SLC25A5,ATP1A2,NDUFA2,ATP5F1A,SLC25A4"
"GO:BP","ATP metabolic process","GO:0046034","0.04422810307553837","1.354301686935907","232","95","7","25907","ATP5ME,ALDOA,HSPA8,ATP1A2,NDUFA2,GAPDH,ATP5F1A"
"GO:BP","cellular component maintenance","GO:0043954","0.0444675363423519","1.3519569313237412","93","95","5","25907","BSN,HSPA8,SHANK2,CFL1,SYNGAP1"
"GO:BP","cell junction assembly","GO:0034329","0.04582987171284535","1.33885135843231","529","95","10","25907","ACTB,BSN,MAP1B,THY1,PCLO,ANK2,SHANK2,NEGR1,CFL1,DMTN"
"GO:BP","regulation of microtubule polymerization or depolymerization","GO:0031110","0.04683035108285392","1.329472586339752","94","95","5","25907","MAP1B,MAP1A,MAP2,MAPT,TUBB4A"
"GO:BP","regulation of protein depolymerization","GO:1901879","0.04683035108285392","1.329472586339752","94","95","5","25907","MAP1B,MAP1A,MAP2,CFL1,DMTN"
"GO:BP","regulation of cellular component biogenesis","GO:0044087","0.04780930093066698","1.3204876065274573","1041","95","14","25907","MAP1B,MAP2,TPPP,SYNPO,THY1,MAPT,NPM1,HSPA8,BAIAP2,NEGR1,CFL1,TUBB4A,DMTN,DBN1"
"GO:BP","positive regulation of autophagy of mitochondrion","GO:1903599","0.047850028481453914","1.3201177993848474","16","95","3","25907","SLC25A5,VDAC1,SLC25A4"
"GO:CC","postsynaptic density","GO:0014069","6.275564543623519e-22","21.202347199384427","430","98","26","26207","BSN,SYN1,HNRNPA2B1,MAP1B,MAP1A,MAP2,SYNPO,PCLO,CAMK2A,ANK2,RPL6,MAPT,HNRNPD,HSPA8,BAIAP2,PSD3,SHANK2,NEGR1,CFL1,DMTN,MAP4,GAPDH,DBN1,HNRNPA3,SYNGAP1,VDAC1"
"GO:CC","asymmetric synapse","GO:0032279","2.249082774526758e-21","20.647994560634316","452","98","26","26207","BSN,SYN1,HNRNPA2B1,MAP1B,MAP1A,MAP2,SYNPO,PCLO,CAMK2A,ANK2,RPL6,MAPT,HNRNPD,HSPA8,BAIAP2,PSD3,SHANK2,NEGR1,CFL1,DMTN,MAP4,GAPDH,DBN1,HNRNPA3,SYNGAP1,VDAC1"
"GO:CC","postsynapse","GO:0098794","2.597250611318685e-21","20.5854861428383","1005","98","34","26207","ACTB,BSN,SYN1,HNRNPA2B1,MAP1B,MAP1A,MAP2,TPPP,SYNPO,RPL23A,THY1,PCLO,CAMK2A,ANK2,RPL6,MAPT,RPS27A,HNRNPD,HSPA8,BAIAP2,ATP1A2,RPL28,PSD3,SHANK2,NEGR1,CFL1,DMTN,SLC1A2,MAP4,GAPDH,DBN1,HNRNPA3,SYNGAP1,VDAC1"
"GO:CC","postsynaptic specialization","GO:0099572","1.0960531231595793e-20","19.960168396092566","481","98","26","26207","BSN,SYN1,HNRNPA2B1,MAP1B,MAP1A,MAP2,SYNPO,PCLO,CAMK2A,ANK2,RPL6,MAPT,HNRNPD,HSPA8,BAIAP2,PSD3,SHANK2,NEGR1,CFL1,DMTN,MAP4,GAPDH,DBN1,HNRNPA3,SYNGAP1,VDAC1"
"GO:CC","myelin sheath","GO:0043209","1.2442707344396734e-20","19.905085113471053","203","98","20","26207","MBP,ACTB,SYN1,CYCS,TPPP,PLP1,THY1,PPIA,RPS27A,SLC25A5,ALDOA,ACO2,HSPA8,ATP1A2,TUBB4A,GAPDH,EEF1A1,ATP5F1A,VDAC1,SLC25A4"
"GO:CC","synapse","GO:0045202","1.6911443175914302e-20","19.77181932932762","1858","98","42","26207","ACTB,BSN,SYN1,HNRNPA2B1,MAP1B,MAP1A,MAP2,ACTBL2,TPPP,SYNPO,RPL23A,THY1,PCLO,CAMK2A,ANK2,RPL6,MAPT,RPS27A,HNRNPD,VAMP2,HSPA8,BAIAP2,ATP1A2,RPL28,FKBP1A,PSD3,SHANK2,NEGR1,CFL1,RPL19,DMTN,SLC1A2,MAP4,BCAS1,GAPDH,SORBS2,DBN1,GNG2,SRCIN1,HNRNPA3,SYNGAP1,VDAC1"
"GO:CC","neuron to neuron synapse","GO:0098984","2.2699844198792846e-20","19.643977123592638","495","98","26","26207","BSN,SYN1,HNRNPA2B1,MAP1B,MAP1A,MAP2,SYNPO,PCLO,CAMK2A,ANK2,RPL6,MAPT,HNRNPD,HSPA8,BAIAP2,PSD3,SHANK2,NEGR1,CFL1,DMTN,MAP4,GAPDH,DBN1,HNRNPA3,SYNGAP1,VDAC1"
"GO:CC","intracellular membraneless organelle","GO:0043232","7.629293710928137e-19","18.11751566540611","6515","98","69","26207","H2BC1,H2AX,H1-4,H1-2,HP1BP3,H2BC21,H1-5,H1-1,ACTA1,H4C1,ACTB,BSN,SYN1,MAP6,HNRNPA2B1,H2AJ,H1-0,MAP1B,H2BC3,H3F4,MAP1A,TNNC2,MAP2,ACTBL2,TPPP,SYNPO,TUBB3,KRT71,BASP1,KRT18,RPL23A,PCLO,NEFM,ANK2,HNRNPC,KRT19,RPL6,KRT10,H1-3,MAPT,HIST2H2AA1,PSIP1,NOLC1,RPS27A,TUBA3A,HNRNPD,SLC25A5,ALDOA,SFPQ,NPM1,HSPA8,BAIAP2,RPL28,SHANK2,CFL1,RPL19,TUBB4A,DMTN,MAP4,GAPDH,CENPV,SORBS2,DBN1,KRT1,SRCIN1,EEF1A1,HNRNPA3,SYNGAP1,VDAC1"
"GO:CC","membraneless organelle","GO:0043228","7.699836671120511e-19","18.113518486981206","6516","98","69","26207","H2BC1,H2AX,H1-4,H1-2,HP1BP3,H2BC21,H1-5,H1-1,ACTA1,H4C1,ACTB,BSN,SYN1,MAP6,HNRNPA2B1,H2AJ,H1-0,MAP1B,H2BC3,H3F4,MAP1A,TNNC2,MAP2,ACTBL2,TPPP,SYNPO,TUBB3,KRT71,BASP1,KRT18,RPL23A,PCLO,NEFM,ANK2,HNRNPC,KRT19,RPL6,KRT10,H1-3,MAPT,HIST2H2AA1,PSIP1,NOLC1,RPS27A,TUBA3A,HNRNPD,SLC25A5,ALDOA,SFPQ,NPM1,HSPA8,BAIAP2,RPL28,SHANK2,CFL1,RPL19,TUBB4A,DMTN,MAP4,GAPDH,CENPV,SORBS2,DBN1,KRT1,SRCIN1,EEF1A1,HNRNPA3,SYNGAP1,VDAC1"
"GO:CC","supramolecular complex","GO:0099080","1.3230742712652612e-18","17.87841577584628","1418","98","36","26207","ACTA1,ACTB,MAP6,HNRNPA2B1,MAP1B,MAP1A,TNNC2,MAP2,ACTBL2,TPPP,SYNPO,TUBB3,KRT71,KRT18,NEFM,ANK2,KRT19,RPL6,KRT10,MAPT,TUBA3A,ALDOA,HSPA8,BAIAP2,RPL28,SHANK2,COL1A2,TUBB4A,DMTN,COL4A2,MAP4,CENPV,SORBS2,DBN1,KRT1,HNRNPA3"
"GO:CC","supramolecular polymer","GO:0099081","2.6565649926291016e-18","17.575679554647937","1066","98","32","26207","ACTA1,ACTB,MAP6,MAP1B,MAP1A,TNNC2,MAP2,ACTBL2,TPPP,SYNPO,TUBB3,KRT71,KRT18,NEFM,ANK2,KRT19,RPL6,KRT10,MAPT,TUBA3A,ALDOA,HSPA8,BAIAP2,SHANK2,COL1A2,TUBB4A,DMTN,COL4A2,MAP4,SORBS2,DBN1,KRT1"
"GO:CC","supramolecular fiber","GO:0099512","2.5550619423312245e-17","16.592598566806544","1059","98","31","26207","ACTA1,ACTB,MAP6,MAP1B,MAP1A,TNNC2,MAP2,ACTBL2,TPPP,SYNPO,TUBB3,KRT71,KRT18,NEFM,ANK2,KRT19,RPL6,KRT10,MAPT,TUBA3A,ALDOA,HSPA8,BAIAP2,SHANK2,COL1A2,TUBB4A,DMTN,MAP4,SORBS2,DBN1,KRT1"
"GO:CC","nucleosome","GO:0000786","4.472155820574543e-17","16.349483073002503","143","98","16","26207","H2BC1,H2AX,H1-4,H1-2,HP1BP3,H2BC21,H1-5,H1-1,H4C1,ACTB,H2AJ,H1-0,H2BC3,H3F4,H1-3,HIST2H2AA1"
"GO:CC","cell junction","GO:0030054","7.69008576663265e-17","16.114068816535685","2454","98","43","26207","ACTB,BSN,SYN1,HNRNPA2B1,MAP1B,MAP1A,MAP2,ACTBL2,TPPP,SYNPO,BASP1,RPL23A,THY1,PCLO,CAMK2A,ANK2,RPL6,MAPT,RPS27A,HNRNPD,VAMP2,HSPA8,BAIAP2,ATP1A2,RPL28,FKBP1A,PSD3,SHANK2,NEGR1,CFL1,RPL19,DMTN,SLC1A2,MAP4,BCAS1,GAPDH,SORBS2,DBN1,GNG2,SRCIN1,HNRNPA3,SYNGAP1,VDAC1"
"GO:CC","cytoskeleton","GO:0005856","9.428932354349377e-15","14.02553747999488","2374","98","40","26207","H2AX,ACTA1,ACTB,BSN,SYN1,MAP6,H1-0,MAP1B,MAP1A,TNNC2,MAP2,ACTBL2,TPPP,SYNPO,TUBB3,KRT71,KRT18,PCLO,NEFM,ANK2,HNRNPC,KRT19,KRT10,MAPT,TUBA3A,SLC25A5,NPM1,HSPA8,BAIAP2,SHANK2,CFL1,TUBB4A,DMTN,MAP4,GAPDH,CENPV,SORBS2,DBN1,KRT1,SRCIN1"
"GO:CC","neuron projection","GO:0043005","1.5554746425525786e-14","13.808137064394078","1544","98","33","26207","MBP,ACTB,BSN,SYN1,MAP6,HNRNPA2B1,MAP1B,MAP1A,MAP2,ACTBL2,SYNPO,TUBB3,BASP1,THY1,PCLO,CAMK2A,MAPT,VAMP2,SFPQ,HSPA8,BAIAP2,ATP1A2,RPL28,FKBP1A,SHANK2,NEGR1,CFL1,TUBB4A,SLC1A2,MAP4,SORBS2,DBN1,SYNGAP1"
"GO:CC","cell body","GO:0044297","1.009235816875198e-13","12.996007345158787","833","98","25","26207","MBP,ACTA1,BSN,SYN1,HNRNPA2B1,MAP1B,MAP1A,MAP2,SYNPO,TUBB3,THY1,PCLO,CAMK2A,MAPT,HSPA8,BAIAP2,ATP1A2,RPL28,SHANK2,NEGR1,CFL1,TUBB4A,SLC1A2,SORBS2,DBN1"
"GO:CC","dendrite","GO:0030425","4.772778343946526e-13","12.321228734549784","803","98","24","26207","BSN,SYN1,MAP6,MAP1B,MAP1A,MAP2,SYNPO,TUBB3,THY1,PCLO,CAMK2A,MAPT,SFPQ,HSPA8,BAIAP2,ATP1A2,RPL28,SHANK2,NEGR1,CFL1,SLC1A2,SORBS2,DBN1,SYNGAP1"
"GO:CC","dendritic tree","GO:0097447","5.042634729996371e-13","12.297342489404281","805","98","24","26207","BSN,SYN1,MAP6,MAP1B,MAP1A,MAP2,SYNPO,TUBB3,THY1,PCLO,CAMK2A,MAPT,SFPQ,HSPA8,BAIAP2,ATP1A2,RPL28,SHANK2,NEGR1,CFL1,SLC1A2,SORBS2,DBN1,SYNGAP1"
"GO:CC","protein-DNA complex","GO:0032993","5.272776534806321e-13","12.277960634084241","256","98","16","26207","H2BC1,H2AX,H1-4,H1-2,HP1BP3,H2BC21,H1-5,H1-1,H4C1,ACTB,H2AJ,H1-0,H2BC3,H3F4,H1-3,HIST2H2AA1"
"GO:CC","polymeric cytoskeletal fiber","GO:0099513","5.782070845958303e-13","12.23791659135435","810","98","24","26207","ACTA1,ACTB,MAP6,MAP1B,MAP1A,MAP2,ACTBL2,TPPP,TUBB3,KRT71,KRT18,NEFM,KRT19,KRT10,MAPT,TUBA3A,HSPA8,BAIAP2,SHANK2,TUBB4A,DMTN,MAP4,DBN1,KRT1"
"GO:CC","somatodendritic compartment","GO:0036477","1.2375426543263023e-12","11.907439823328296","1123","98","27","26207","MBP,BSN,SYN1,MAP6,HNRNPA2B1,MAP1B,MAP1A,MAP2,SYNPO,TUBB3,THY1,PCLO,CAMK2A,MAPT,SFPQ,HSPA8,BAIAP2,ATP1A2,RPL28,SHANK2,NEGR1,CFL1,TUBB4A,SLC1A2,SORBS2,DBN1,SYNGAP1"
"GO:CC","plasma membrane bounded cell projection","GO:0120025","1.818875931094149e-12","11.740196923959527","2481","98","38","26207","MBP,ACTA1,ACTB,BSN,SYN1,MAP6,HNRNPA2B1,MAP1B,MAP1A,MAP2,ACTBL2,SYNPO,TUBB3,BASP1,THY1,PCLO,CAMK2A,MAPT,TUBA3A,ALDOA,VAMP2,SFPQ,HSPA8,BAIAP2,ATP1A2,RPL28,FKBP1A,PSD3,SHANK2,NEGR1,CFL1,TUBB4A,DMTN,SLC1A2,MAP4,SORBS2,DBN1,SYNGAP1"
"GO:CC","chromatin","GO:0000785","4.039149490474175e-12","11.393710073126964","795","98","23","26207","H2BC1,H2AX,H1-4,H1-2,HP1BP3,H2BC21,H1-5,H1-1,H4C1,ACTB,HNRNPA2B1,H2AJ,H1-0,H2BC3,H3F4,ACTBL2,BASP1,H1-3,HIST2H2AA1,PSIP1,HNRNPD,ALDOA,SFPQ"
"GO:CC","axon","GO:0030424","5.25612188762838e-12","11.27933457219435","805","98","23","26207","MBP,ACTB,BSN,SYN1,MAP6,MAP1B,MAP1A,MAP2,ACTBL2,TUBB3,BASP1,THY1,PCLO,CAMK2A,MAPT,HSPA8,FKBP1A,SHANK2,CFL1,TUBB4A,SLC1A2,MAP4,DBN1"
"GO:CC","glutamatergic synapse","GO:0098978","5.834028624568135e-12","11.23403144435013","809","98","23","26207","ACTB,BSN,HNRNPA2B1,MAP1B,MAP2,ACTBL2,SYNPO,THY1,PCLO,CAMK2A,HNRNPD,VAMP2,HSPA8,BAIAP2,PSD3,SHANK2,CFL1,SLC1A2,GAPDH,DBN1,SRCIN1,HNRNPA3,SYNGAP1"
"GO:CC","cell projection","GO:0042995","6.956752353389727e-12","11.15759345639089","2587","98","38","26207","MBP,ACTA1,ACTB,BSN,SYN1,MAP6,HNRNPA2B1,MAP1B,MAP1A,MAP2,ACTBL2,SYNPO,TUBB3,BASP1,THY1,PCLO,CAMK2A,MAPT,TUBA3A,ALDOA,VAMP2,SFPQ,HSPA8,BAIAP2,ATP1A2,RPL28,FKBP1A,PSD3,SHANK2,NEGR1,CFL1,TUBB4A,DMTN,SLC1A2,MAP4,SORBS2,DBN1,SYNGAP1"
"GO:CC","neuronal cell body","GO:0043025","1.1287514885672826e-10","9.94740166394211","746","98","21","26207","MBP,BSN,HNRNPA2B1,MAP1B,MAP1A,MAP2,SYNPO,TUBB3,THY1,PCLO,CAMK2A,MAPT,HSPA8,BAIAP2,ATP1A2,SHANK2,NEGR1,CFL1,TUBB4A,SORBS2,DBN1"
"GO:CC","organelle","GO:0043226","4.025850730489175e-10","9.395142331813652","16179","98","91","26207","MBP,H2BC1,H2AX,H1-4,H1-2,HP1BP3,H2BC21,H1-5,H1-1,ACTA1,H4C1,ACTB,BSN,SYN1,MAP6,HNRNPA2B1,H2AJ,H1-0,MAP1B,H2BC3,H3F4,CYCS,MAP1A,TNNC2,MAP2,ACTBL2,TPPP,SYNPO,TUBB3,KRT71,BASP1,KRT18,RPL23A,THY1,PCLO,NEFM,ATP5ME,CAMK2A,ANK2,HNRNPC,KRT19,PPIA,COX5B,RPL6,KRT10,H1-3,SNRPD2,MAPT,HIST2H2AA1,PSIP1,NOLC1,RPS27A,TUBA3A,HNRNPD,SLC25A5,ALDOA,VAMP2,SFPQ,ACO2,NPM1,HSPA8,BAIAP2,ATP1A2,RPL28,FKBP1A,PSD3,HSPE1,SHANK2,NDUFA2,NEGR1,CFL1,RPL19,TUBB4A,MATR3,DMTN,SLC1A2,MAP4,GAPDH,CENPV,SORBS2,DBN1,KRT1,SRCIN1,COX6C,EEF1A1,HNRNPA3,ATP5F1A,SYNGAP1,VDAC1,SFXN3,SLC25A4"
"GO:CC","protein-containing complex","GO:0032991","8.327877914236201e-10","9.079465650159646","7221","98","60","26207","MBP,H2BC1,H2AX,H1-4,H1-2,HP1BP3,H2BC21,H1-5,H1-1,ACTA1,H4C1,ACTB,HNRNPA2B1,H2AJ,H1-0,MAP1B,H2BC3,H3F4,CYCS,MAP1A,TNNC2,MAP2,ACTBL2,PLP1,BASP1,KRT18,RPL23A,ATP5ME,CAMK2A,HNRNPC,KRT19,PPIA,RPL6,H1-3,SNRPD2,MAPT,HIST2H2AA1,NOLC1,RPS27A,HNRNPD,SLC25A5,ALDOA,VAMP2,SFPQ,NPM1,HSPA8,ATP1A2,RPL28,FKBP1A,NDUFA2,RPL19,COL1A2,COL4A2,SLC1A2,GAPDH,GNG2,HNRNPA3,ATP5F1A,VDAC1,SLC25A4"
"GO:CC","intracellular organelle","GO:0043229","3.6211909153876553e-9","8.441148577830416","15833","98","89","26207","MBP,H2BC1,H2AX,H1-4,H1-2,HP1BP3,H2BC21,H1-5,H1-1,ACTA1,H4C1,ACTB,BSN,SYN1,MAP6,HNRNPA2B1,H2AJ,H1-0,MAP1B,H2BC3,H3F4,CYCS,MAP1A,TNNC2,MAP2,ACTBL2,TPPP,SYNPO,TUBB3,KRT71,BASP1,KRT18,RPL23A,THY1,PCLO,NEFM,ATP5ME,CAMK2A,ANK2,HNRNPC,KRT19,PPIA,COX5B,RPL6,KRT10,H1-3,SNRPD2,MAPT,HIST2H2AA1,PSIP1,NOLC1,RPS27A,TUBA3A,HNRNPD,SLC25A5,ALDOA,VAMP2,SFPQ,ACO2,NPM1,HSPA8,BAIAP2,ATP1A2,RPL28,FKBP1A,HSPE1,SHANK2,NDUFA2,NEGR1,CFL1,RPL19,TUBB4A,MATR3,DMTN,MAP4,GAPDH,CENPV,SORBS2,DBN1,KRT1,SRCIN1,COX6C,EEF1A1,HNRNPA3,ATP5F1A,SYNGAP1,VDAC1,SFXN3,SLC25A4"
"GO:CC","chromosome","GO:0005694","2.441727384767692e-8","7.612302826017737","1457","98","25","26207","H2BC1,H2AX,H1-4,H1-2,HP1BP3,H2BC21,H1-5,H1-1,H4C1,ACTB,SYN1,HNRNPA2B1,H2AJ,H1-0,H2BC3,H3F4,ACTBL2,BASP1,H1-3,HIST2H2AA1,PSIP1,HNRNPD,ALDOA,SFPQ,CENPV"
"GO:CC","intracellular anatomical structure","GO:0005622","1.6040108510202107e-7","6.794792698070396","17451","98","91","26207","MBP,H2BC1,H2AX,H1-4,H1-2,HP1BP3,H2BC21,H1-5,H1-1,ACTA1,H4C1,ACTB,BSN,SYN1,MAP6,HNRNPA2B1,H2AJ,H1-0,MAP1B,H2BC3,H3F4,CYCS,MAP1A,TNNC2,MAP2,ACTBL2,TPPP,SYNPO,TUBB3,KRT71,CALML3,BASP1,KRT18,RPL23A,THY1,PCLO,NEFM,ATP5ME,CAMK2A,ANK2,HNRNPC,KRT19,PPIA,COX5B,RPL6,KRT10,H1-3,SNRPD2,MAPT,HIST2H2AA1,PSIP1,NOLC1,RPS27A,TUBA3A,HNRNPD,SLC25A5,ALDOA,VAMP2,SFPQ,ACO2,NPM1,HSPA8,BAIAP2,ATP1A2,RPL28,FKBP1A,HSPE1,SHANK2,NDUFA2,NEGR1,CFL1,RPL19,TUBB4A,MATR3,DMTN,MAP4,BCAS1,GAPDH,CENPV,SORBS2,DBN1,KRT1,SRCIN1,COX6C,EEF1A1,HNRNPA3,ATP5F1A,SYNGAP1,VDAC1,SFXN3,SLC25A4"
"GO:CC","main axon","GO:0044304","3.156876430445894e-7","6.500742417355734","86","98","8","26207","MBP,MAP1B,MAP1A,MAP2,THY1,MAPT,TUBB4A,SLC1A2"
"GO:CC","distal axon","GO:0150034","6.94217303331474e-7","6.158504565761517","392","98","13","26207","ACTB,MAP1B,MAP2,TUBB3,BASP1,THY1,PCLO,MAPT,HSPA8,FKBP1A,SHANK2,CFL1,DBN1"
"GO:CC","euchromatin","GO:0000791","0.0000015754053293605764","5.802607689710948","67","98","7","26207","H1-4,H1-2,H1-5,H1-1,H1-0,H1-3,PSIP1"
"GO:CC","actin cytoskeleton","GO:0015629","0.000001641104379394917","5.784863795574819","506","98","14","26207","ACTA1,ACTB,H1-0,TNNC2,MAP2,ACTBL2,SYNPO,HNRNPC,KRT19,BAIAP2,CFL1,DMTN,DBN1,SRCIN1"
"GO:CC","neuron projection cytoplasm","GO:0120111","0.0000018186898584754848","5.740241354942368","107","98","8","26207","BSN,MAP6,HNRNPA2B1,MAP1A,MAP2,CAMK2A,SFPQ,BAIAP2"
"GO:CC","dendritic shaft","GO:0043198","0.0000021519113196947133","5.667175629920517","70","98","7","26207","MAP1A,MAP2,HSPA8,BAIAP2,SLC1A2,DBN1,SYNGAP1"
"GO:CC","growth cone","GO:0030426","0.0000028778251302856658","5.540935599301193","221","98","10","26207","MAP1B,MAP2,TUBB3,BASP1,THY1,PCLO,MAPT,SHANK2,CFL1,DBN1"
"GO:CC","cytoplasm","GO:0005737","0.000003088135287779668","5.510303681960275","11558","98","71","26207","MBP,ACTA1,ACTB,BSN,SYN1,MAP6,HNRNPA2B1,H1-0,MAP1B,CYCS,MAP1A,TNNC2,MAP2,ACTBL2,TPPP,SYNPO,TUBB3,KRT71,CALML3,BASP1,KRT18,RPL23A,THY1,PCLO,ATP5ME,CAMK2A,ANK2,KRT19,PPIA,COX5B,RPL6,KRT10,SNRPD2,MAPT,NOLC1,RPS27A,TUBA3A,HNRNPD,SLC25A5,ALDOA,VAMP2,SFPQ,ACO2,NPM1,HSPA8,BAIAP2,ATP1A2,RPL28,FKBP1A,HSPE1,SHANK2,NDUFA2,NEGR1,CFL1,RPL19,TUBB4A,DMTN,MAP4,BCAS1,GAPDH,CENPV,SORBS2,DBN1,KRT1,SRCIN1,COX6C,EEF1A1,ATP5F1A,VDAC1,SFXN3,SLC25A4"
"GO:CC","presynapse","GO:0098793","0.0000034197468181604025","5.466006045857913","837","98","17","26207","ACTB,BSN,SYN1,RPL23A,THY1,PCLO,CAMK2A,RPL6,RPS27A,VAMP2,HSPA8,BAIAP2,RPL28,FKBP1A,SHANK2,SLC1A2,VDAC1"
"GO:CC","site of polarized growth","GO:0030427","0.000004036744679058483","5.393968718507105","229","98","10","26207","MAP1B,MAP2,TUBB3,BASP1,THY1,PCLO,MAPT,SHANK2,CFL1,DBN1"
"GO:CC","dendritic spine","GO:0043197","0.000004757949690300014","5.3225801544258236","233","98","10","26207","MAP1B,SYNPO,CAMK2A,HSPA8,BAIAP2,ATP1A2,SHANK2,CFL1,SLC1A2,DBN1"
"GO:CC","nuclear matrix","GO:0016363","0.000005472088192908014","5.261846911765893","123","98","8","26207","ACTB,HNRNPA2B1,BASP1,KRT18,SFPQ,NPM1,CFL1,MATR3"
"GO:CC","neuron spine","GO:0044309","0.000005818191985387338","5.235211952250411","238","98","10","26207","MAP1B,SYNPO,CAMK2A,HSPA8,BAIAP2,ATP1A2,SHANK2,CFL1,SLC1A2,DBN1"
"GO:CC","cytoplasmic region","GO:0099568","0.000015703248354405623","4.804010500681763","339","98","11","26207","BSN,MAP6,HNRNPA2B1,MAP1A,MAP2,PCLO,CAMK2A,MAPT,SFPQ,BAIAP2,TUBB4A"
"GO:CC","plasma membrane bounded cell projection cytoplasm","GO:0032838","0.0000522931393675704","4.281555284942458","301","98","10","26207","BSN,MAP6,HNRNPA2B1,MAP1A,MAP2,CAMK2A,MAPT,SFPQ,BAIAP2,TUBB4A"
"GO:CC","microtubule","GO:0005874","0.00005368113743666405","4.270178290580621","472","98","12","26207","MAP6,MAP1B,MAP1A,MAP2,TPPP,TUBB3,MAPT,TUBA3A,HSPA8,BAIAP2,TUBB4A,MAP4"
"GO:CC","cortical cytoskeleton","GO:0030863","0.00009172992547645811","4.037488959323278","120","98","7","26207","ACTB,BSN,PCLO,KRT19,CFL1,DMTN,DBN1"
"GO:CC","postsynaptic cytosol","GO:0099524","0.00013301923502271012","3.8760855540689336","42","98","5","26207","HNRNPA2B1,CAMK2A,HSPA8,BAIAP2,DBN1"
"GO:CC","cell leading edge","GO:0031252","0.00026827641178463684","3.5714175110109503","451","98","11","26207","ACTA1,ACTB,MAP2,TUBB3,THY1,BAIAP2,PSD3,CFL1,SLC1A2,SORBS2,DBN1"
"GO:CC","neuron projection terminus","GO:0044306","0.00033385096733788195","3.4764473610542947","210","98","8","26207","ACTB,BSN,PCLO,VAMP2,HSPA8,BAIAP2,FKBP1A,SLC1A2"
"GO:CC","intermediate filament","GO:0005882","0.000371271146529557","3.4303088008139877","213","98","8","26207","KRT71,KRT18,NEFM,KRT19,KRT10,HSPA8,SHANK2,KRT1"
"GO:CC","sarcomere","GO:0030017","0.00045693069262880113","3.340149668839395","219","98","8","26207","ACTA1,TNNC2,SYNPO,ANK2,KRT19,RPL6,ALDOA,SORBS2"
"GO:CC","mitochondrial permeability transition pore complex","GO:0005757","0.000464423562431852","3.3330857545352215","7","98","3","26207","SLC25A5,VDAC1,SLC25A4"
"GO:CC","microtubule cytoskeleton","GO:0015630","0.0008173614367743138","3.087585856214828","1376","98","18","26207","H2AX,MAP6,MAP1B,MAP1A,MAP2,TPPP,TUBB3,KRT18,MAPT,TUBA3A,SLC25A5,NPM1,HSPA8,BAIAP2,TUBB4A,MAP4,GAPDH,CENPV"
"GO:CC","membrane raft","GO:0045121","0.0008443963613540688","3.073453646808311","319","98","9","26207","ACTB,THY1,MAPT,SLC25A5,ATP1A2,SLC1A2,ATP5F1A,VDAC1,SLC25A4"
"GO:CC","membrane microdomain","GO:0098857","0.0008884356505312164","3.0513740227053536","321","98","9","26207","ACTB,THY1,MAPT,SLC25A5,ATP1A2,SLC1A2,ATP5F1A,VDAC1,SLC25A4"
"GO:CC","myofibril","GO:0030016","0.0009883827589938102","3.005074838886264","243","98","8","26207","ACTA1,TNNC2,SYNPO,ANK2,KRT19,RPL6,ALDOA,SORBS2"
"GO:CC","filopodium","GO:0030175","0.0010768549117415164","2.9678428067063836","112","98","6","26207","ACTA1,MAP2,TUBB3,BAIAP2,CFL1,DBN1"
"GO:CC","intermediate filament cytoskeleton","GO:0045111","0.0012182696024636425","2.9142565919119456","250","98","8","26207","KRT71,KRT18,NEFM,KRT19,KRT10,HSPA8,SHANK2,KRT1"
"GO:CC","cytosolic region","GO:0099522","0.001301811389449065","2.8854519331680466","66","98","5","26207","HNRNPA2B1,CAMK2A,HSPA8,BAIAP2,DBN1"
"GO:CC","contractile muscle fiber","GO:0043292","0.0013298365038463187","2.876201749891595","253","98","8","26207","ACTA1,TNNC2,SYNPO,ANK2,KRT19,RPL6,ALDOA,SORBS2"
"GO:CC","cytosol","GO:0005829","0.003488455181190217","2.4573668523571355","4001","98","32","26207","ACTB,BSN,HNRNPA2B1,MAP1B,CYCS,MAP1A,TPPP,SYNPO,KRT18,RPL23A,THY1,CAMK2A,PPIA,RPL6,SNRPD2,MAPT,RPS27A,HNRNPD,ALDOA,ACO2,NPM1,HSPA8,BAIAP2,RPL28,FKBP1A,CFL1,RPL19,DMTN,BCAS1,GAPDH,CENPV,DBN1"
"GO:CC","late endosome lumen","GO:0031906","0.0036617438830123805","2.4363120352621475","2","98","2","26207","HSPA8,GAPDH"
"GO:CC","lamellipodium","GO:0030027","0.0037901543419649932","2.421343104412161","210","98","7","26207","ACTA1,ACTB,TUBB3,BAIAP2,CFL1,SORBS2,DBN1"
"GO:CC","Schaffer collateral - CA1 synapse","GO:0098685","0.004042723771076643","2.393325931878174","141","98","6","26207","ACTB,BSN,SYN1,SYNPO,CAMK2A,BAIAP2"
"GO:CC","dendrite cytoplasm","GO:0032839","0.004881186126374021","2.3114746317788395","42","98","4","26207","MAP2,CAMK2A,SFPQ,BAIAP2"
"GO:CC","cellular anatomical structure","GO:0110165","0.005198607888154631","2.2841129385642702","22821","98","97","26207","MBP,H2BC1,H2AX,H1-4,H1-2,HP1BP3,H2BC21,H1-5,H1-1,ACTA1,H4C1,ACTB,BSN,SYN1,MAP6,HNRNPA2B1,H2AJ,H1-0,MAP1B,H2BC3,H3F4,CYCS,MAP1A,TNNC2,MAP2,ACTBL2,TPPP,SYNPO,TUBB3,KRT71,CALML3,PLP1,BASP1,KRT18,RPL23A,THY1,PCLO,NEFM,ATP5ME,CAMK2A,ANK2,HNRNPC,KRT19,PPIA,COX5B,RPL6,KRT10,H1-3,SNRPD2,MAPT,HIST2H2AA1,PSIP1,NOLC1,RPS27A,TUBA3A,HNRNPD,SLC25A5,ALDOA,VAMP2,SFPQ,ACO2,NPM1,HSPA8,BAIAP2,ATP1A2,RPL28,FKBP1A,PSD3,HSPE1,SHANK2,NDUFA2,NEGR1,CFL1,RPL19,COL1A2,TUBB4A,MATR3,DMTN,COL4A2,SLC1A2,MAP4,BCAS1,GAPDH,CENPV,SORBS2,DBN1,KRT1,GNG2,SRCIN1,COX6C,EEF1A1,HNRNPA3,ATP5F1A,SYNGAP1,VDAC1,SFXN3,SLC25A4"
"GO:CC","plasma membrane region","GO:0098590","0.005584038276405487","2.253051613455326","1431","98","17","26207","BSN,MAP2,THY1,CAMK2A,ANK2,KRT19,HSPA8,BAIAP2,ATP1A2,PSD3,SHANK2,CFL1,DMTN,SLC1A2,SORBS2,DBN1,VDAC1"
"GO:CC","postsynaptic density, intracellular component","GO:0099092","0.007667788369899157","2.1153298821076603","47","98","4","26207","BAIAP2,CFL1,GAPDH,SYNGAP1"
"GO:CC","membrane-bounded organelle","GO:0043227","0.010632426472078606","1.973367611941561","14920","98","75","26207","MBP,H2BC1,H2AX,H1-4,H1-2,HP1BP3,H2BC21,H1-5,H1-1,H4C1,ACTB,BSN,SYN1,MAP6,HNRNPA2B1,H2AJ,H1-0,MAP1B,H2BC3,H3F4,CYCS,MAP1A,MAP2,TPPP,SYNPO,BASP1,KRT18,RPL23A,THY1,PCLO,ATP5ME,CAMK2A,ANK2,HNRNPC,PPIA,COX5B,RPL6,H1-3,SNRPD2,MAPT,HIST2H2AA1,PSIP1,NOLC1,RPS27A,TUBA3A,HNRNPD,SLC25A5,ALDOA,VAMP2,SFPQ,ACO2,NPM1,HSPA8,BAIAP2,ATP1A2,FKBP1A,HSPE1,SHANK2,NDUFA2,NEGR1,CFL1,RPL19,TUBB4A,MATR3,DMTN,SLC1A2,GAPDH,CENPV,COX6C,EEF1A1,HNRNPA3,ATP5F1A,VDAC1,SFXN3,SLC25A4"
"GO:CC","synaptic membrane","GO:0097060","0.010667181479100913","1.9719503162618643","549","98","10","26207","BSN,CAMK2A,ANK2,HSPA8,BAIAP2,SHANK2,CFL1,SLC1A2,DBN1,VDAC1"
"GO:CC","dendritic filopodium","GO:1902737","0.01095840261543521","1.9602527474813682","3","98","2","26207","MAP2,DBN1"
"GO:CC","postsynaptic specialization, intracellular component","GO:0099091","0.014329844333097962","1.8437585273726325","55","98","4","26207","BAIAP2,CFL1,GAPDH,SYNGAP1"
"GO:CC","internode region of axon","GO:0033269","0.021863293062662523","1.6602844237572318","4","98","2","26207","MBP,TUBB4A"
"GO:CC","primary dendrite","GO:0150001","0.021863293062662523","1.6602844237572318","4","98","2","26207","MAP1A,MAP2"
"GO:CC","cytosolic large ribosomal subunit","GO:0022625","0.024461502454287326","1.611516871601982","63","98","4","26207","RPL23A,RPL6,RPL28,RPL19"
"GO:CC","ribosomal subunit","GO:0044391","0.02479394784869614","1.6056543166207293","195","98","6","26207","RPL23A,RPL6,RPS27A,NPM1,RPL28,RPL19"
"GO:CC","cytosolic ribosome","GO:0022626","0.025600202168056613","1.5917566049957788","122","98","5","26207","RPL23A,RPL6,RPS27A,RPL28,RPL19"
"GO:CC","presynaptic active zone","GO:0048786","0.027643002284770717","1.5584147903535555","124","98","5","26207","BSN,SYN1,PCLO,SHANK2,VDAC1"
"GO:CC","large ribosomal subunit","GO:0015934","0.027643002284770717","1.5584147903535555","124","98","5","26207","RPL23A,RPL6,NPM1,RPL28,RPL19"
"GO:CC","actin filament","GO:0005884","0.02980872812939957","1.5256565539293754","126","98","5","26207","ACTA1,ACTB,ACTBL2,DMTN,DBN1"
"GO:CC","pore complex","GO:0046930","0.03276400701298249","1.4846029897807016","26","98","3","26207","SLC25A5,VDAC1,SLC25A4"
"GO:CC","Z disc","GO:0030018","0.04723444975989759","1.325741139429868","139","98","5","26207","SYNPO,ANK2,KRT19,ALDOA,SORBS2"
"KEGG","Parkinson disease","KEGG:05012","1.7545416304063926e-8","7.7558363227228515","263","65","15","9330","CYCS,TUBB3,CALML3,CAMK2A,COX5B,MAPT,RPS27A,TUBA3A,SLC25A5,NDUFA2,TUBB4A,COX6C,ATP5F1A,VDAC1,SLC25A4"
"KEGG","Neutrophil extracellular trap formation","KEGG:04613","9.397231431145293e-7","6.027000077387316","203","65","12","9330","H2BC1,H2AX,H2BC21,H4C1,ACTB,H2AJ,H2BC3,H3F4,HIST2H2AA1,SLC25A5,VDAC1,SLC25A4"
"KEGG","Amyotrophic lateral sclerosis","KEGG:05014","0.0000017067899888507197","5.767819913152566","367","65","15","9330","ACTB,HNRNPA2B1,CYCS,TUBB3,NEFM,COX5B,TUBA3A,NDUFA2,TUBB4A,MATR3,SLC1A2,COX6C,HNRNPA3,ATP5F1A,VDAC1"
"KEGG","Pathways of neurodegeneration - multiple diseases","KEGG:05022","0.000006918539065922419","5.159985602449636","470","65","16","9330","CYCS,TUBB3,CALML3,NEFM,CAMK2A,COX5B,MAPT,RPS27A,TUBA3A,SLC25A5,NDUFA2,TUBB4A,COX6C,ATP5F1A,VDAC1,SLC25A4"
"KEGG","Prion disease","KEGG:05020","0.000018624449718478287","4.729916550137193","266","65","12","9330","CYCS,TUBB3,COX5B,TUBA3A,SLC25A5,HSPA8,NDUFA2,TUBB4A,COX6C,ATP5F1A,VDAC1,SLC25A4"
"KEGG","Alzheimer disease","KEGG:05010","0.00002032673848365042","4.691932300269278","381","65","14","9330","CYCS,TUBB3,CALML3,COX5B,MAPT,TUBA3A,SLC25A5,NDUFA2,TUBB4A,GAPDH,COX6C,ATP5F1A,VDAC1,SLC25A4"
"KEGG","Huntington disease","KEGG:05016","0.00007010463063700025","4.154253294534383","301","65","12","9330","CYCS,TUBB3,COX5B,TUBA3A,SLC25A5,NDUFA2,TUBB4A,SLC1A2,COX6C,ATP5F1A,VDAC1,SLC25A4"
"KEGG","Alcoholism","KEGG:05034","0.00007908961882678052","4.101880517540505","199","65","10","9330","H2BC1,H2AX,H2BC21,H4C1,H2AJ,H2BC3,H3F4,CALML3,HIST2H2AA1,GNG2"
"KEGG","Diabetic cardiomyopathy","KEGG:05415","0.00010373984119573658","3.9840544211570483","205","65","10","9330","CAMK2A,COX5B,SLC25A5,NDUFA2,COL1A2,GAPDH,COX6C,ATP5F1A,VDAC1,SLC25A4"
"KEGG","Systemic lupus erythematosus","KEGG:05322","0.0005020096193756608","3.2992879609391577","144","65","8","9330","H2BC1,H2AX,H2BC21,H4C1,H2AJ,H2BC3,H3F4,HIST2H2AA1"
"KEGG","Necroptosis","KEGG:04217","0.0020890513507999635","2.6800508845314344","175","65","8","9330","H2AX,H2AJ,CAMK2A,PPIA,HIST2H2AA1,SLC25A5,VDAC1,SLC25A4"
"KEGG","Oxidative phosphorylation","KEGG:00190","0.02551426889469344","1.5932168717585358","134","65","6","9330","CYCS,ATP5ME,COX5B,NDUFA2,COX6C,ATP5F1A"
"REAC","DNA Damage/Telomere Stress Induced Senescence","REAC:R-MMU-2559586","2.0446023315172386e-11","10.689391148303047","84","68","13","8469","H2BC1,H2AX,H1-4,H1-2,H2BC21,H1-5,H1-1,H4C1,H2AJ,H1-0,H2BC3,H3F4,HIST2H2AA1"
"REAC","Cellular Senescence","REAC:R-MMU-2559583","1.958763027653458e-9","8.708018102038762","147","68","14","8469","H2BC1,H2AX,H1-4,H1-2,H2BC21,H1-5,H1-1,H4C1,H2AJ,H1-0,H2BC3,H3F4,HIST2H2AA1,RPS27A"
"REAC","Cellular responses to stress","REAC:R-MMU-2262752","5.202019965307518e-9","8.283827985318492","499","68","22","8469","H2BC1,H2AX,H1-4,H1-2,H2BC21,H1-5,H1-1,H4C1,H2AJ,H1-0,H2BC3,H3F4,CYCS,TUBB3,CAMK2A,HIST2H2AA1,RPS27A,TUBA3A,HSPA8,TUBB4A,COX6C,EEF1A1"
"REAC","Cellular responses to stimuli","REAC:R-MMU-8953897","5.6292123573804844e-9","8.249552367630622","501","68","22","8469","H2BC1,H2AX,H1-4,H1-2,H2BC21,H1-5,H1-1,H4C1,H2AJ,H1-0,H2BC3,H3F4,CYCS,TUBB3,CAMK2A,HIST2H2AA1,RPS27A,TUBA3A,HSPA8,TUBB4A,COX6C,EEF1A1"
"REAC","Recognition and association of DNA glycosylase with site containing an affected purine","REAC:R-MMU-110330","0.000005336983759022782","5.2727041187960975","59","68","8","8469","H2BC1,H2AX,H2BC21,H4C1,H2AJ,H2BC3,H3F4,HIST2H2AA1"
"REAC","Inhibition of DNA recombination at telomere","REAC:R-MMU-9670095","0.00000611919309729962","5.213305841987447","60","68","8","8469","H2BC1,H2AX,H2BC21,H4C1,H2AJ,H2BC3,H3F4,HIST2H2AA1"
"REAC","Apoptosis induced DNA fragmentation","REAC:R-MMU-140342","0.0000064107443847601786","5.193091539369787","12","68","5","8469","H1-4,H1-2,H1-5,H1-1,H1-0"
"REAC","Cleavage of the damaged purine","REAC:R-MMU-110331","0.00000699839472968452","5.155001565698612","61","68","8","8469","H2BC1,H2AX,H2BC21,H4C1,H2AJ,H2BC3,H3F4,HIST2H2AA1"
"REAC","Depurination","REAC:R-MMU-73927","0.00000699839472968452","5.155001565698612","61","68","8","8469","H2BC1,H2AX,H2BC21,H4C1,H2AJ,H2BC3,H3F4,HIST2H2AA1"
"REAC","Base-Excision Repair, AP Site Formation","REAC:R-MMU-73929","0.000014922584437476666","4.8261559550312665","67","68","8","8469","H2BC1,H2AX,H2BC21,H4C1,H2AJ,H2BC3,H3F4,HIST2H2AA1"
"REAC","Apoptotic execution phase","REAC:R-MMU-75153","0.00001927979066053808","4.714897685965695","46","68","7","8469","H1-4,H1-2,H1-5,H1-1,H1-0,MAPT,SORBS2"
"REAC","Formation of Senescence-Associated Heterochromatin Foci (SAHF)","REAC:R-MMU-2559584","0.00003448770573025117","4.462335695798837","16","68","5","8469","H1-4,H1-2,H1-5,H1-1,H1-0"
"REAC","Condensation of Prophase Chromosomes","REAC:R-MMU-2299718","0.00004075052412233518","4.389866801108687","76","68","8","8469","H2BC1,H2AX,H2BC21,H4C1,H2AJ,H2BC3,H3F4,HIST2H2AA1"
"REAC","Nucleosome assembly","REAC:R-MMU-774815","0.00004518811655653719","4.344975759712152","77","68","8","8469","H2BC1,H2AX,H2BC21,H4C1,H2AJ,H2BC3,HIST2H2AA1,NPM1"
"REAC","Deposition of new CENPA-containing nucleosomes at the centromere","REAC:R-MMU-606279","0.00004518811655653719","4.344975759712152","77","68","8","8469","H2BC1,H2AX,H2BC21,H4C1,H2AJ,H2BC3,HIST2H2AA1,NPM1"
"REAC","Base Excision Repair","REAC:R-MMU-73884","0.0001177847938014228","3.9289107740175564","87","68","8","8469","H2BC1,H2AX,H2BC21,H4C1,H2AJ,H2BC3,H3F4,HIST2H2AA1"
"REAC","Chromosome Maintenance","REAC:R-MMU-73886","0.00016183775023863984","3.790920167469923","124","68","9","8469","H2BC1,H2AX,H2BC21,H4C1,H2AJ,H2BC3,H3F4,HIST2H2AA1,NPM1"
"REAC","Programmed Cell Death","REAC:R-MMU-5357801","0.0002750876076856671","3.5605289735323624","132","68","9","8469","H1-4,H1-2,H1-5,H1-1,H1-0,CYCS,MAPT,RPS27A,SORBS2"
"REAC","Telomere Maintenance","REAC:R-MMU-157579","0.00029585130532182416","3.5289265102375196","98","68","8","8469","H2BC1,H2AX,H2BC21,H4C1,H2AJ,H2BC3,H3F4,HIST2H2AA1"
"REAC","Apoptosis","REAC:R-MMU-109581","0.00034544269797905807","3.461623983066695","100","68","8","8469","H1-4,H1-2,H1-5,H1-1,H1-0,CYCS,MAPT,SORBS2"
"REAC","Recruitment and ATM-mediated phosphorylation of repair and signaling proteins at DNA double strand breaks","REAC:R-MMU-5693565","0.0004501249292221781","3.346666933909289","72","68","7","8469","H2BC1,H2AX,H2BC21,H4C1,H2BC3,H3F4,RPS27A"
"REAC","DNA Double Strand Break Response","REAC:R-MMU-5693606","0.000542966539707064","3.265226932967932","74","68","7","8469","H2BC1,H2AX,H2BC21,H4C1,H2BC3,H3F4,RPS27A"
"REAC","Epigenetic regulation of gene expression","REAC:R-MMU-212165","0.000571330998833355","3.2431122116876696","144","68","9","8469","H2BC1,H2AX,H2BC21,H4C1,ACTB,H2AJ,H2BC3,HIST2H2AA1,PSIP1"
"REAC","PRC2 methylates histones and DNA","REAC:R-MMU-212300","0.0007771903088975705","3.1094726234332293","78","68","7","8469","H2BC1,H2AX,H2BC21,H4C1,H2AJ,H2BC3,HIST2H2AA1"
"REAC","RUNX1 regulates genes involved in megakaryocyte differentiation and platelet function","REAC:R-MMU-8936459","0.0011833699737998809","2.9268794544763304","83","68","7","8469","H2BC1,H2AX,H2BC21,H4C1,H2AJ,H2BC3,HIST2H2AA1"
"REAC","Interferon Signaling","REAC:R-MMU-913531","0.001977231366237254","2.7039425086322058","126","68","8","8469","TUBB3,CAMK2A,MAPT,RPS27A,TUBA3A,NPM1,HSPA8,TUBB4A"
"REAC","Processing of DNA double-strand break ends","REAC:R-MMU-5693607","0.002037223286257571","2.690961368311995","90","68","7","8469","H2BC1,H2AX,H2BC21,H4C1,H2BC3,H3F4,RPS27A"
"REAC","Nonhomologous End-Joining (NHEJ)","REAC:R-MMU-5693571","0.002242746257197946","2.6492198594230265","60","68","6","8469","H2BC1,H2AX,H2BC21,H4C1,H2BC3,H3F4"
"REAC","PKR-mediated signaling","REAC:R-MMU-9833482","0.002471818599311349","2.6069834042178526","61","68","6","8469","TUBB3,MAPT,TUBA3A,NPM1,HSPA8,TUBB4A"
"REAC","Mitotic Prophase","REAC:R-MMU-68875","0.0024929818638678262","2.6032808809229318","130","68","8","8469","H2BC1,H2AX,H2BC21,H4C1,H2AJ,H2BC3,H3F4,HIST2H2AA1"
"REAC","HDR through Homologous Recombination (HRR) or Single Strand Annealing (SSA)","REAC:R-MMU-5693567","0.012042346613033446","1.9192888767168639","118","68","7","8469","H2BC1,H2AX,H2BC21,H4C1,H2BC3,H3F4,RPS27A"
"REAC","M Phase","REAC:R-MMU-68886","0.013947570628286781","1.8555014307136102","385","68","12","8469","H2BC1,H2AX,H2BC21,H4C1,H2AJ,H2BC3,H3F4,TUBB3,HIST2H2AA1,RPS27A,TUBA3A,TUBB4A"
"REAC","Homology Directed Repair","REAC:R-MMU-5693538","0.014150876175521476","1.8492166692270622","121","68","7","8469","H2BC1,H2AX,H2BC21,H4C1,H2BC3,H3F4,RPS27A"
"REAC","Antiviral mechanism by IFN-stimulated genes","REAC:R-MMU-1169410","0.01674385845767727","1.77614445591337","85","68","6","8469","TUBB3,MAPT,TUBA3A,NPM1,HSPA8,TUBB4A"
"REAC","G2/M DNA damage checkpoint","REAC:R-MMU-69473","0.01909162276328479","1.7191571555671794","87","68","6","8469","H2BC1,H2AX,H2BC21,H4C1,H2BC3,H3F4"
"REAC","RHO GTPases activate IQGAPs","REAC:R-MMU-5626467","0.022828611843366365","1.6415204961792864","29","68","4","8469","ACTB,TUBB3,TUBA3A,TUBB4A"
"REAC","HDACs deacetylate histones","REAC:R-MMU-3214815","0.02309961025278032","1.636395347661743","90","68","6","8469","H2BC1,H2BC21,H4C1,H2AJ,H2BC3,HIST2H2AA1"
"REAC","Metabolism of proteins","REAC:R-MMU-392499","0.02723896053515539","1.5648094695367711","1654","68","27","8469","H2BC1,H2BC21,H4C1,ACTB,H2AJ,H2BC3,TUBB3,RPL23A,THY1,HNRNPC,RPL6,HIST2H2AA1,RPS27A,TUBA3A,SLC25A5,ACO2,NPM1,HSPA8,RPL28,NDUFA2,NEGR1,RPL19,TUBB4A,GNG2,EEF1A1,ATP5F1A,VDAC1"
"REAC","DNA Repair","REAC:R-MMU-73894","0.03219679470326303","1.492187361595307","295","68","10","8469","H2BC1,H2AX,H2BC21,H4C1,ACTB,H2AJ,H2BC3,H3F4,HIST2H2AA1,RPS27A"
"REAC","Selective autophagy","REAC:R-MMU-9663891","0.038405906139922834","1.415601983790232","62","68","5","8469","TUBB3,RPS27A,TUBA3A,TUBB4A,VDAC1"
"REAC","Transcriptional regulation by RUNX1","REAC:R-MMU-8878171","0.04093160007853469","1.387941277790704","192","68","8","8469","H2BC1,H2AX,H2BC21,H4C1,H2AJ,H2BC3,HIST2H2AA1,RPS27A"
"REAC","Recycling pathway of L1","REAC:R-MMU-437239","0.0485354258561302","1.313941155466952","35","68","4","8469","ACTB,TUBB3,TUBA3A,TUBB4A"
"WP","Electron transport chain","WP:WP295","0.0026509779935532394","2.5765938774415815","97","48","7","4533","ATP5ME,COX5B,SLC25A5,NDUFA2,COX6C,ATP5F1A,SLC25A4"
"TF","Factor: E2F-1; motif: GNGGGCGGGRMN","TF:M10209","0.0001674551478583548","3.776101496961903","14247","98","87","21700","H2BC1,H2AX,H1-4,H1-2,HP1BP3,H2BC21,H1-5,H1-1,ACTA1,H4C1,ACTB,BSN,SYN1,MAP6,HNRNPA2B1,H2AJ,H1-0,MAP1B,H2BC3,MAP1A,TNNC2,MAP2,ACTBL2,TPPP,SYNPO,TUBB3,KRT71,CALML3,BASP1,KRT18,THY1,PCLO,NEFM,ATP5ME,CAMK2A,ANK2,HNRNPC,KRT19,PPIA,COX5B,RPL6,SNRPD2,MAPT,HIST2H2AA1,PSIP1,NOLC1,RPS27A,TUBA3A,HNRNPD,SLC25A5,ALDOA,VAMP2,SFPQ,ACO2,NPM1,HSPA8,BAIAP2,ATP1A2,RPL28,FKBP1A,HSPE1,NDUFA2,NEGR1,CFL1,COL1A2,MATR3,DMTN,COL4A2,CRACDL,SLC1A2,MAP4,BCAS1,GAPDH,CENPV,SORBS2,DBN1,KRT1,GNG2,SRCIN1,COX6C,EEF1A1,HNRNPA3,ATP5F1A,SYNGAP1,VDAC1,SFXN3,SLC25A4"
"TF","Factor: Kaiso; motif: SARNYCTCGCGAGAN; match class: 1","TF:M10276_1","0.0011377413492826348","2.943956457929325","10005","98","69","21700","H2BC1,H2AX,H1-2,HP1BP3,H2BC21,H1-5,H1-1,H4C1,ACTB,BSN,SYN1,MAP6,HNRNPA2B1,H2AJ,H1-0,H2BC3,CYCS,MAP2,TPPP,BASP1,KRT18,RPL23A,THY1,PCLO,NEFM,CAMK2A,HNRNPC,KRT19,PPIA,COX5B,RPL6,MAPT,HIST2H2AA1,PSIP1,NOLC1,RPS27A,TUBA3A,HNRNPD,SLC25A5,ALDOA,VAMP2,SFPQ,ACO2,NPM1,HSPA8,BAIAP2,RPL28,HSPE1,NDUFA2,NEGR1,CFL1,RPL19,MATR3,COL4A2,CRACDL,SLC1A2,MAP4,GAPDH,CENPV,SORBS2,DBN1,SRCIN1,COX6C,EEF1A1,HNRNPA3,ATP5F1A,VDAC1,SFXN3,SLC25A4"
"TF","Factor: Hes1; motif: NNCACGYGNN","TF:M07991","0.0031606595958174398","2.5002222753147367","15200","98","88","21700","MBP,H2BC1,H2AX,H1-2,HP1BP3,H2BC21,H1-5,H1-1,ACTA1,H4C1,ACTB,BSN,SYN1,MAP6,HNRNPA2B1,H2AJ,H1-0,MAP1B,H2BC3,H3F4,CYCS,MAP1A,TNNC2,MAP2,ACTBL2,TPPP,SYNPO,TUBB3,KRT71,CALML3,BASP1,KRT18,RPL23A,THY1,PCLO,NEFM,ATP5ME,CAMK2A,ANK2,HNRNPC,PPIA,COX5B,RPL6,KRT10,SNRPD2,MAPT,HIST2H2AA1,PSIP1,NOLC1,RPS27A,TUBA3A,HNRNPD,SLC25A5,ALDOA,VAMP2,SFPQ,NPM1,HSPA8,BAIAP2,RPL28,FKBP1A,PSD3,HSPE1,SHANK2,NEGR1,CFL1,RPL19,COL1A2,TUBB4A,MATR3,COL4A2,CRACDL,SLC1A2,MAP4,GAPDH,CENPV,SORBS2,DBN1,KRT1,SRCIN1,COX6C,EEF1A1,HNRNPA3,ATP5F1A,SYNGAP1,VDAC1,SFXN3,SLC25A4"
"TF","Factor: E2F-1; motif: NKTSSCGC; match class: 1","TF:M00428_1","0.0034702486104123136","2.4596394110124113","2928","98","31","21700","H2AX,H1-4,HP1BP3,H2BC21,H4C1,HNRNPA2B1,H2AJ,TPPP,BASP1,RPL23A,NEFM,ATP5ME,PPIA,COX5B,MAPT,HIST2H2AA1,PSIP1,NOLC1,ALDOA,NPM1,BAIAP2,RPL28,FKBP1A,NEGR1,COL4A2,CRACDL,MAP4,COX6C,HNRNPA3,VDAC1,SLC25A4"
"TF","Factor: E2F; motif: NKCGCGCSAAAN; match class: 1","TF:M00920_1","0.006597718115658109","2.1806062434177385","1068","98","17","21700","H2AX,H1-4,H2BC21,HNRNPA2B1,H2AJ,TPPP,BASP1,NEFM,ATP5ME,COX5B,SNRPD2,HIST2H2AA1,TUBA3A,ALDOA,SFPQ,NPM1,CENPV"
"TF","Factor: CTCF; motif: NAGGGGGCGCNNKNNNN","TF:M08995","0.010226914437177641","1.9902553775331175","14313","98","84","21700","MBP,H2BC1,H2AX,H1-4,H1-2,HP1BP3,H2BC21,H1-1,ACTA1,H4C1,ACTB,BSN,SYN1,MAP6,HNRNPA2B1,H2AJ,H1-0,MAP1B,H2BC3,H3F4,CYCS,MAP1A,TNNC2,MAP2,TPPP,TUBB3,CALML3,BASP1,KRT18,RPL23A,THY1,PCLO,NEFM,ATP5ME,CAMK2A,ANK2,HNRNPC,KRT19,PPIA,COX5B,RPL6,KRT10,SNRPD2,MAPT,HIST2H2AA1,PSIP1,NOLC1,TUBA3A,HNRNPD,SLC25A5,ALDOA,VAMP2,SFPQ,ACO2,NPM1,HSPA8,BAIAP2,ATP1A2,HSPE1,SHANK2,NDUFA2,NEGR1,CFL1,RPL19,COL1A2,TUBB4A,MATR3,DMTN,CRACDL,SLC1A2,MAP4,BCAS1,GAPDH,CENPV,DBN1,SRCIN1,COX6C,EEF1A1,HNRNPA3,ATP5F1A,SYNGAP1,VDAC1,SFXN3,SLC25A4"
"TF","Factor: ELK-1; motif: ACCGGAWRTN","TF:M01981","0.015702830208194282","1.804022065232355","14701","98","85","21700","MBP,H2BC1,H2AX,H1-4,H1-2,HP1BP3,H2BC21,H1-1,ACTA1,H4C1,ACTB,BSN,SYN1,MAP6,HNRNPA2B1,H2AJ,H1-0,MAP1B,H3F4,CYCS,MAP2,ACTBL2,TPPP,SYNPO,KRT71,CALML3,BASP1,KRT18,RPL23A,THY1,PCLO,NEFM,ATP5ME,CAMK2A,ANK2,HNRNPC,KRT19,PPIA,COX5B,RPL6,KRT10,SNRPD2,MAPT,HIST2H2AA1,PSIP1,NOLC1,RPS27A,TUBA3A,HNRNPD,SLC25A5,ALDOA,VAMP2,SFPQ,ACO2,NPM1,HSPA8,BAIAP2,ATP1A2,RPL28,FKBP1A,PSD3,HSPE1,SHANK2,NDUFA2,CFL1,RPL19,COL1A2,MATR3,CRACDL,SLC1A2,MAP4,GAPDH,CENPV,SORBS2,DBN1,KRT1,GNG2,COX6C,EEF1A1,HNRNPA3,ATP5F1A,SYNGAP1,VDAC1,SFXN3,SLC25A4"
"TF","Factor: SREBP-2; motif: NNGYCACNNSMN; match class: 1","TF:M01177_1","0.02266453307275427","1.644653223705011","2124","98","24","21700","H2BC1,SYN1,HNRNPA2B1,MAP1B,TPPP,BASP1,KRT18,NEFM,COX5B,MAPT,PSIP1,VAMP2,SFPQ,BAIAP2,FKBP1A,HSPE1,MATR3,CRACDL,MAP4,BCAS1,GAPDH,CENPV,KRT1,SLC25A4"
"TF","Factor: ZF5; motif: NRNGNGCGCGCWN; match class: 1","TF:M00333_1","0.025955719519246676","1.5857669275284478","11218","98","71","21700","MBP,H2BC1,H2AX,H1-2,HP1BP3,H2BC21,H4C1,ACTB,BSN,SYN1,MAP6,HNRNPA2B1,H2AJ,H1-0,MAP1B,H2BC3,H3F4,CYCS,MAP2,ACTBL2,TPPP,TUBB3,KRT71,BASP1,RPL23A,THY1,PCLO,NEFM,ANK2,HNRNPC,KRT19,PPIA,COX5B,SNRPD2,MAPT,HIST2H2AA1,PSIP1,RPS27A,HNRNPD,SLC25A5,ALDOA,VAMP2,SFPQ,ACO2,NPM1,HSPA8,BAIAP2,FKBP1A,HSPE1,NDUFA2,NEGR1,CFL1,RPL19,COL1A2,MATR3,COL4A2,CRACDL,SLC1A2,MAP4,BCAS1,GAPDH,CENPV,SORBS2,DBN1,SRCIN1,COX6C,HNRNPA3,ATP5F1A,VDAC1,SFXN3,SLC25A4"
"TF","Factor: Kaiso; motif: SARNYCTCGCGAGAN","TF:M10276","0.030348249851347923","1.5178663491296842","13504","98","80","21700","H2BC1,H2AX,H1-2,HP1BP3,H2BC21,H1-5,H1-1,H4C1,ACTB,BSN,SYN1,MAP6,HNRNPA2B1,H2AJ,H1-0,MAP1B,H2BC3,H3F4,CYCS,MAP2,TPPP,TUBB3,BASP1,KRT18,RPL23A,THY1,PCLO,NEFM,CAMK2A,ANK2,HNRNPC,KRT19,PPIA,COX5B,RPL6,KRT10,SNRPD2,MAPT,HIST2H2AA1,PSIP1,NOLC1,RPS27A,TUBA3A,HNRNPD,SLC25A5,ALDOA,VAMP2,SFPQ,ACO2,NPM1,HSPA8,BAIAP2,ATP1A2,RPL28,FKBP1A,HSPE1,NDUFA2,NEGR1,CFL1,RPL19,COL1A2,TUBB4A,MATR3,COL4A2,CRACDL,SLC1A2,MAP4,GAPDH,CENPV,SORBS2,DBN1,SRCIN1,COX6C,EEF1A1,HNRNPA3,ATP5F1A,SYNGAP1,VDAC1,SFXN3,SLC25A4"
"TF","Factor: PDEF; motif: NCCGGATRYN","TF:M02040","0.035604565183501365","1.448494313631272","2639","98","27","21700","H1-1,ACTB,BSN,HNRNPA2B1,H1-0,H3F4,KRT18,THY1,RPL6,PSIP1,RPS27A,TUBA3A,HNRNPD,SLC25A5,VAMP2,ACO2,NPM1,HSPA8,ATP1A2,RPL28,FKBP1A,SHANK2,RPL19,COL1A2,GNG2,EEF1A1,HNRNPA3"
"CORUM","Profilin 2 complex","CORUM:2835","0.010846643715633935","1.9647046250663407","8","15","3","1082","ACTB,SYN1,HSPA8"
"HP","Generalized dystonia","HP:0007325","0.0024762115738978497","2.6062122508268883","36","31","5","5228","ACTB,PLP1,NDUFA2,TUBB4A,ATP5F1A"
"HP","Kyphoscoliosis","HP:0002751","0.016822169671107622","1.7741179909744296","194","31","8","5228","H1-4,ACTA1,ACTB,TUBB3,MAPT,COL1A2,TUBB4A,SLC1A2"
"HP","Aphasia","HP:0002381","0.02239208351511641","1.649905494763108","95","31","6","5228","ACTB,HNRNPA2B1,PLP1,MAPT,ATP1A2,COL1A2"
"HP","Focal-onset seizure","HP:0007359","0.026240305223763347","1.5810311176109648","347","31","10","5228","SYN1,MAP1B,TUBB3,VAMP2,ACO2,ATP1A2,NDUFA2,COL4A2,SLC1A2,SYNGAP1"
"HP","Autosomal dominant inheritance","HP:0000006","0.03199448423474348","1.4949248864578624","2084","31","24","5228","H1-4,ACTA1,ACTB,HNRNPA2B1,MAP1B,CYCS,TNNC2,TUBB3,KRT71,CAMK2A,ANK2,HNRNPC,KRT10,MAPT,VAMP2,ATP1A2,COL1A2,TUBB4A,COL4A2,SLC1A2,KRT1,ATP5F1A,SYNGAP1,SLC25A4"
"HP","Tendon thickening","HP:0032523","0.04861797092093291","1.3132031704665788","2","31","2","5228","COL1A2,KRT1"
